word	frequency	word_lower
If	123141271	if
you	578117187	you
were	457504590	were
to	4223327232	to
journey	6826751	journey
the	9819942513	the
North	24140988	north
of	6162371881	of
England ,	4975314	england ,
England	21443938	england
,	12000289422	,
would	319551796	would
come	69378970	come
a	3213754375	a
valley	4303289	valley
that	1746480437	that
is	1780724214	is
surrounded	4468786	surrounded
by	877228367	by
moors	116892	moors
as	1139819594	as
high	78531970	high
mountains .	839184	mountains .
mountains	5322969	mountains
.	8944977459	.
It	278516683	it
in	3271087682	in
this	599554050	this
where	136128991	where
find	59792457	find
city	32761553	city
Bradford ,	195853	bradford ,
Bradford	737565	bradford
once	44407851	once
thousand	12131335	thousand
spinning	1400425	spinning
jennies	4296	jennies
hummed	184482	hummed
and	4873010095	and
clattered	121477	clattered
spun	1103549	spun
wool	1729913	wool
into	254637739	into
money	37145420	money
for	1388290219	for
long - bearded	3517	long - bearded
long	95494675	long
-	1363915132	-
bearded	458912	bearded
mill	2322536	mill
owners .	606809	owners .
owners	5647846	owners
all	374139462	all
generally	25469457	generally
busy	5424151	busy
beavers	102268	beavers
quite	32424104	quite
pleased	4509512	pleased
with	1110064802	with
themselves	41765392	themselves
being	117515747	being
so	252284174	so
successful	15958427	successful
well	134592416	well
off	72362056	off
was	1140172617	was
known	48608768	known
residents	5484982	residents
go	74237337	go
visit	13227667	visit
stately	511561	stately
Hall ,	3090613	hall ,
Hall	8981738	hall
see	158936043	see
there	243799443	there
Crest	154346	crest
which	508000647	which
those	131352362	those
same	119751381	same
created	22166125	created
celebrate	1801842	celebrate
their	438887121	their
achievements .	303540	achievements .
achievements	2219623	achievements
shows	27219973	shows
sinister	695295	sinister
looking	26020896	looking
boar 's	21230	boar 's
boar	309920	boar
's	820137891	's
head	48252042	head
sitting	10039381	sitting
on	993594775	on
top	26274935	top
seems	30033228	seems
puzzling	570021	puzzling
at	654432238	at
first ,	7336665	first ,
first	172429084	first
but	422070748	but
reason	33557823	reason
symbol	5637294	symbol
matter	36582008	matter
legend .	240620	legend .
legend	2154194	legend
once ,	2853910	once ,
has	336617760	has
it ,	45782268	it ,
fearsome	218485	fearsome
boar ,	60413	boar ,
lived	16317525	lived
wood	8613398	wood
located	11818537	located
just	113263289	just
outside	28641062	outside
manor	448032	manor
Bradford .	45490	bradford .
source	25399984	source
great	69441756	great
trouble	9674701	trouble
local	44984524	local
folk	3479440	folk
was ,	12248583	was ,
bringing	6402128	bringing
terror	3031171	terror
peaceful	2870661	peaceful
flocks	500389	flocks
ravaging	68248	ravaging
countryside	2140605	countryside
around .	3197674	around .
around	66671286	around
Even	24724315	even
worse ,	1427748	worse ,
worse	7891988	worse
however ,	55157770	however ,
however	63540861	however
most	165240742	most
liked	6186837	liked
drink	7737324	drink
its	259806050	its
fresh	9401087	fresh
water ,	7651526	water ,
water	64469088	water
people	149869947	people
had	537932901	had
second	56709426	second
thoughts	10545702	thoughts
about	265782619	about
visiting	3299094	visiting
well .	13489899	well .
bore	2751591	bore
brunt	235149	brunt
beast 's	42999	beast 's
beast	1638186	beast
ferocity	278431	ferocity
unfair	1826688	unfair
eyes	42210806	eyes
region .	3849644	region .
region	22280073	region
Eventually ,	1169620	eventually ,
Eventually	2218786	eventually
issue	26967886	issue
reached	18512983	reached
ears	4866350	ears
kindly	1664380	kindly
Lord	22162117	lord
who	294018466	who
often	74180388	often
asked	46175331	asked
help .	3524817	help .
help	53942915	help
saw	36746641	saw
severity	2389980	severity
problem	49011206	problem
faced	7102446	faced
suggested	15644892	suggested
contest	2238178	contest
could	205904563	could
solve	5061342	solve
problem .	6974314	problem .
He	239125461	he
said	171981082	said
whoever	1317362	whoever
kill	7599359	kill
bring	21687869	bring
proof	6786238	proof
House	19438505	house
be	964072174	be
rewarded	1263320	rewarded
land	36688838	land
fame .	265928	fame .
fame	2125715	fame
knew	37182349	knew
them	240201864	them
rejoiced	346775	rejoiced
proclamation	914548	proclamation
one	398913374	one
question	44123698	question
remained :	31634	remained :
remained	15552573	remained
:	911093236	:
boar ?	1402	boar ?
?	372964599	?
handsome	2651402	handsome
reward	3549720	reward
many	138917121	many
felt	35889439	felt
tempted ,	64592	tempted ,
tempted	1549098	tempted
thought	64294078	thought
deadly	1695296	deadly
tusks	141882	tusks
face	45765806	face
like	167991828	like
thunder	1122965	thunder
soon	26497323	soon
put	49376612	put
an	576832090	an
end	66509685	end
ambitions .	213744	ambitions .
ambitions	1197056	ambitions
huntsman ,	13040	huntsman ,
huntsman	60870	huntsman
still	82706155	still
wet	5090834	wet
behind	28598426	behind
ears ,	951047	ears ,
decided	17207383	decided
prize	1999559	prize
worth	12274006	worth
shot ,	809782	shot ,
shot	10073717	shot
spite	5588003	spite
reputation .	558653	reputation .
reputation	5223356	reputation
discovered	10134571	discovered
preferred	6241124	preferred
out	242417228	out
middle	19971508	middle
day .	13135270	day .
day	88338993	day
went	48598135	went
his	632876249	his
good	99518711	good
bow ,	354786	bow ,
bow	2850894	bow
bide	79091	bide
time .	30808259	time .
time	252986157	time
noontime ,	6956	noontime ,
noontime	43965	noontime
feared	3268205	feared
locals ,	97855	locals ,
locals	813912	locals
came	61302439	came
out ,	14166590	out ,
slow	9550031	slow
snail ,	31388	snail ,
snail	333225	snail
from	708532803	from
among	56872364	among
trees ,	2558135	trees ,
trees	12681082	trees
predicted .	231083	predicted .
predicted	3979644	predicted
leaped	771890	leaped
hiding	2401429	hiding
place	78015798	place
through	147254130	through
heart	32678215	heart
fine	15623119	fine
arrows	1877184	arrows
boar .	30774	boar .
Now	27643142	now
no	236436100	no
longer	28040212	longer
way	133443039	way
carry	12615369	carry
back .	8751977	back .
back	107859495	back
too	82143809	too
heavy	13424014	heavy
little	78869880	little
House ,	3933377	house ,
quick - witted	34006	quick - witted
quick	7462194	quick
witted	146511	witted
cunning	777409	cunning
ever ,	1335046	ever ,
ever	39805996	ever
himself ,	6406934	himself ,
himself	51056413	himself
' What	2770327	' what
What	87561320	what
'	836175651	'
else	23413085	else
can	416290431	can
I	926120510	i
do	256960172	do
prove	8557322	prove
killed	11238786	killed
boar ? '	75	boar ? '
next	47961300	next
instance	18016127	instance
opened	14564232	opened
mouth	13275186	mouth
cut	19831304	cut
tongue ,	843943	tongue ,
tongue	5228274	tongue
taking	25974145	taking
Lord .	1344397	lord .
set	70534745	set
quickly	18146835	quickly
only	224965302	only
been	310806848	been
gone	17937353	gone
few	64575815	few
minutes	19913825	minutes
when	249000060	when
not	1006314753	not
bold	2562505	bold
more	329429635	more
cunning ,	132420	cunning ,
scene .	1734299	scene .
scene	12232135	scene
Seeing	1191200	seeing
slain	723487	slain
carcass	335947	carcass
fortune .	507492	fortune .
fortune	3300609	fortune
shortcut	655198	shortcut
nearby	4756208	nearby
pond ,	249988	pond ,
pond	1463397	pond
and ,	50781059	and ,
bigger	3025646	bigger
man	97465290	man
than	248883542	than
able	42495598	able
pick	6368929	pick
up	232348461	up
towards	20140341	towards
awaited	856594	awaited
him .	40591745	him .
him	230330497	him
seated	2983271	seated
burst	3346798	burst
door	28468168	door
began	38623128	began
spin	2746279	spin
line .	5030137	line .
line	47965608	line
' The	10967787	' the
woes	282863	woes
are	817391287	are
ended ! '	153	ended ! '
ended	8015011	ended
!	123838941	!
announced .	367842	announced .
announced	5630117	announced
' With	184690	' with
my	230745730	my
own	109739389	own
hand	63081980	hand
have	593092485	have
boar ! '	80	boar ! '
that ,	34196468	that ,
feet	23073556	feet
dropped	7178101	dropped
enormous	5284735	enormous
head .	7871801	head .
' Then	398501	' then
Then	39430787	then
will	314222543	will
rewarded ,	74847	rewarded ,
promised . '	2710	promised . '
promised	5574370	promised
' But	1442248	' but
let	35077105	let
me	196933753	me
examine	7511339	examine
monster , '	1903	monster , '
monster	1450114	monster
Manor .	42915	manor .
advance	8091306	advance
very	134366972	very
clever	1870677	clever
part	92088752	part
huntsman .	5140	huntsman .
Right	6699265	right
away ,	6556853	away ,
away	56906743	away
noticed	6953790	noticed
missing	5863582	missing
exclaimed ,	601312	exclaimed ,
exclaimed	2353102	exclaimed
this ?	2716711	this ?
tongue ? '	1500	tongue ? '
looked	37086942	looked
dubiously .	26618	dubiously .
dubiously	68711	dubiously
' How	1119644	' how
How	42231777	how
creature	3163415	creature
demanded .	682531	demanded .
demanded	5016316	demanded
questioned	2703531	questioned
replied ,	2338976	replied ,
replied	9141323	replied
' I	12279503	' i
can not	66819566	can not
say ,	13995382	say ,
say	65187655	say
Lord . '	28417	lord . '
suddenly	10432550	suddenly
realizing	1482798	realizing
tricky	550618	tricky
situation	29153658	situation
badly	3287455	badly
moment ,	5414379	moment ,
moment	29123824	moment
burst .	146849	burst .
cried .	850175	cried .
cried	5416949	cried
dreaded ! '	0	dreaded ! '
dreaded	674403	dreaded
turned	31575372	turned
stood	17437380	stood
doorway .	498911	doorway .
doorway	1916234	doorway
already	40871799	already
given , '	4304	given , '
given	66612125	given
here	77002046	here
brought	29618021	brought
head . '	32175	head . '
replied .	2059406	replied .
saying ,	3546951	saying ,
saying	16371671	saying
drew	6347750	drew
hunting	3880630	hunting
pouch	579050	pouch
related	32471782	related
ambushed	138658	ambushed
victory .	853134	victory .
victory	5565155	victory
Listening	670303	listening
tale ,	467184	tale ,
tale	3569661	tale
tried	20190743	tried
discern	1055330	discern
telling	8529549	telling
truth	21212229	truth
two	201126338	two
huntsmen	31747	huntsmen
thinking	21994320	thinking
they	418953705	they
waited	5178307	waited
make	111219711	make
decision .	2250862	decision .
decision	27152106	decision
Almost	2698955	almost
instantly ,	162709	instantly ,
instantly	2145741	instantly
fed	3765916	fed
pack	2918823	pack
lies	9119275	lies
true	37153771	true
savior	252326	savior
believed	14506062	believed
steal	1503787	steal
huntsman 's	5248	huntsman 's
proclaimed	1901252	proclaimed
victor .	44675	victor .
victor	303467	victor
wondered	5177466	wondered
why	37439826	why
always	61220587	always
encountered	4172025	encountered
much	116385957	much
chicanery	52872	chicanery
everyday	4565185	everyday
interactions .	836724	interactions .
interactions	6686819	interactions
earned	3868494	earned
fair	10168232	fair
square	9853529	square
received	24664326	received
piece	13321986	piece
town ,	3145719	town ,
town	21082393	town
thereafter	2309442	thereafter
Hunt	1641880	hunt
Yard .	55021	yard .
Yard	419358	yard
indeed	17667180	indeed
assured ,	225079	assured ,
assured	3714327	assured
nearly	15730154	nearly
lasting	2601928	lasting
clear	35415613	clear
joyous	518199	joyous
wide	18934643	wide
open	40299926	open
sea ,	2196853	sea ,
sea	15805476	sea
thousands	7408000	thousands
upon	63368120	upon
sparkling	702011	sparkling
drops ,	157224	drops ,
drops	2565401	drops
excited	3675168	excited
getting	18555552	getting
play	29832939	play
ocean ,	575251	ocean ,
ocean	4545633	ocean
danced	1212113	danced
these	212323984	these
merry	725960	merry
fellow	7640878	fellow
named	12183636	named
Aqua ,	5541	aqua ,
Aqua	93158	aqua
silver	6488905	silver
backs	1537622	backs
fishes	885735	fishes
plunged	922053	plunged
down	98751710	down
waves ,	765849	waves ,
waves	6088299	waves
sprung ,	24616	sprung ,
sprung	590246	sprung
again	64543110	again
mother 's	4692061	mother 's
mother	39696579	mother
lap .	586451	lap .
lap	1856598	lap
mother ,	5261105	mother ,
know ,	9287011	know ,
know	103090059	know
beautiful	12851183	beautiful
she	278699382	she
summer	13037148	summer
her	415597541	her
dark	17668371	dark
blue	13285921	blue
dress	6577482	dress
white	37948322	white
ruffles .	8052	ruffles .
ruffles	73134	ruffles
by ,	4172507	by ,
happy	12121639	happy
drop	7963603	drop
tired	4899147	tired
play ,	2444376	play ,
sky	7458490	sky
above	47783304	above
him ,	29801104	him ,
sail	1920964	sail
white ,	2452455	white ,
marshmallow - like	150	marshmallow - like
marshmallow	53785	marshmallow
clouds ,	520509	clouds ,
clouds	3380244	clouds
instead	19406033	instead
spending	5669486	spending
whole	42803829	whole
life	120194864	life
ocean .	638302	ocean .
sky ,	1387811	sky ,
afraid ,	511405	afraid ,
afraid	7681021	afraid
finally	17208239	finally
demons	1100088	demons
solution	19087669	solution
involving	7881037	involving
sun	12492350	sun
carrying	7736371	carrying
ideal .	536916	ideal .
ideal	9395146	ideal
understood	13568850	understood
Aqua 's	658	aqua 's
request	9269744	request
heart ,	3605228	heart ,
acquiesced	193970	acquiesced
also	248861077	also
took	50478963	took
other	281661595	other
might	86236716	might
lonesome	163844	lonesome
way .	13528083	way .
this ,	15384820	this ,
changed	16742569	changed
mist	1148616	mist
or	793525686	or
vapor	1560865	vapor
them .	42669689	them .
is ?	747028	is ?
breathe	1829018	breathe
air ,	3434267	air ,
air	31277584	air
cold	14949741	cold
enough ,	4172082	enough ,
enough	42301468	enough
coming	20383546	coming
your	205261264	your
thick	7423431	thick
fast	11581233	fast
steam .	213580	steam .
steam	3152975	steam
near	26915276	near
earth ,	2995980	earth ,
earth	16796169	earth
we	340770885	we
call	32401764	call
' fog ' .	121	' fog ' .
fog	1361343	fog
changed ,	1227284	changed ,
because	136741894	because
shape	13600507	shape
sunbeams	51352	sunbeams
carry .	159036	carry .
Higher	2286590	higher
sailed ,	45412	sailed ,
sailed	1502792	sailed
though	52696046	though
grand ,	155164	grand ,
grand	4808581	grand
friends	22974473	friends
fish	11132902	fish
grew	9240118	grew
dizzy .	92036	dizzy .
dizzy	421097	dizzy
enjoyed	5898243	enjoyed
world	90456522	world
below ,	2620737	below ,
below	25562587	below
while	83722224	while
wind	10825311	wind
scattered	3486918	scattered
across	33682916	across
four	49087752	four
corners	2145300	corners
after	131123106	after
bed .	3658500	bed .
bed	17264116	bed
became	41999262	became
red	19233374	red
face ,	4986761	face ,
sink	2411471	sink
lower	28478850	lower
lower ,	498579	lower ,
until	54630510	until
sight !	56662	sight !
sight	9606496	sight
Poor	2991936	poor
frightened	2413075	frightened
impending	918622	impending
darkness ,	1060673	darkness ,
darkness	5404942	darkness
wished	4999448	wished
sleep	12082335	sleep
somewhere	5349297	somewhere
closer	8390061	closer
earth .	2808716	earth .
heard	26357604	heard
blow	3983689	blow
conjectured	154349	conjectured
maybe	8076865	maybe
take	83145589	take
Indeed ,	9598466	indeed ,
pity	2180399	pity
fanned	256187	fanned
together	43957560	together
brothers	5599302	brothers
sisters ,	758299	sisters ,
sisters	3625682	sisters
gray	4964758	gray
cloud ,	291877	cloud ,
cloud	3174456	cloud
blew	1613540	blew
apart	8514887	apart
told	43901950	told
hurry	1864167	hurry
down ,	7415001	down ,
furious	1285256	furious
fighting	6930258	fighting
chance	13447740	chance
reaching	5456390	reaching
went ,	814238	went ,
rolling	2876355	rolling
over	162192656	over
each	121902893	each
patter	116775	patter
clatter	229741	clatter
spatter	46990	spatter
touched	4567529	touched
ground ,	3182786	ground ,
ground	25370252	ground
raindrops	119580	raindrops
fell	12415770	fell
cried ,	834834	cried ,
' It 's	981711	' it 's
It 's	26468411	it 's
raining ' ,	1166	raining ' ,
raining	450302	raining
umbrellas .	28720	umbrellas .
umbrellas	176490	umbrellas
Some	38265923	some
fortunate ,	128248	fortunate ,
fortunate	1781675	fortunate
including	45597635	including
mountainside ,	30414	mountainside ,
mountainside	150221	mountainside
rocky	1191306	rocky
cliff	1153934	cliff
ran .	206369	ran .
ran	11331563	ran
mountain	6678638	mountain
brook ,	80154	brook ,
brook	439768	brook
foaming	212383	foaming
dashing	349027	dashing
along ,	1233490	along ,
along	41977332	along
leaping	489711	leaping
rocks	4911070	rocks
rushing	1112733	rushing
hillside ,	102109	hillside ,
hillside	570964	hillside
strangest	217542	strangest
clattering	121321	clattering
noise .	868925	noise .
noise	7880836	noise
flour	2135831	flour
standing	13587754	standing
bank .	1145761	bank .
bank	12431371	bank
Inside	2042827	inside
mill ,	315594	mill ,
stones ,	757738	stones ,
stones	3978942	stones
big	22941525	big
wheel	3834055	wheel
kept	19944712	kept
whizzing	60669	whizzing
round	14284199	round
round .	909142	round .
smoothed	578325	smoothed
spinning ,	123633	spinning ,
grinding	914801	grinding
wheat	3103616	wheat
corn	3418741	corn
golden	4031891	golden
meal .	869707	meal .
meal	4633730	meal
giant	3393047	giant
suppose	7125336	suppose
turn	30820919	turn
swing	2181363	swing
tremendous	2801751	tremendous
wheel ?	16192	wheel ?
all .	12031315	all .
our	162647972	our
tiny	5635566	tiny
sprang	1242355	sprang
hundreds	5212001	hundreds
thousands ,	272961	thousands ,
whirled	399162	whirled
over .	4790478	over .
lucky	2678763	lucky
swimming	2464770	swimming
emptied	667879	emptied
ducks	636351	ducks
geese	456207	geese
living	29569532	living
peacefully .	92878	peacefully .
peacefully	579294	peacefully
hide - and - seek	49865	hide - and - seek
hide	4034362	hide
seek	10313018	seek
brother	14364432	brother
fooled	371279	fooled
pool	5265222	pool
pretending	896423	pretending
there ,	11802659	there ,
sneaking	255524	sneaking
under	99197859	under
rock	9223034	rock
obscured	772931	obscured
puddle .	34495	puddle .
puddle	232136	puddle
blatantly	218878	blatantly
peaked	445987	peaked
followed	23689125	followed
entered	11705783	entered
searched	1762012	searched
extremely	9873741	extremely
surprised	5800179	surprised
gave	30520506	gave
up .	14611148	up .
day ,	14191410	day ,
stayed	5275752	stayed
while ,	2421508	while ,
sailing	1434532	sailing
ducks '	6278	ducks '
ships	5955428	ships
frogs	550370	frogs
horses ,	1312835	horses ,
horses	6457837	horses
dull	2135047	dull
life ,	16799877	life ,
floated	842312	floated
bridge	6236020	bridge
distance ,	1868479	distance ,
distance	18155596	distance
another	83344110	another
tumbling	422917	tumbling
hillside .	98730	hillside .
' Come ,	56255	' come ,
let 's	2899157	let 's
join	7989363	join
hands ! '	2881	hands ! '
hands	29361361	hands
together ,	6151654	together ,
overcoming	918752	overcoming
child 's	4721637	child 's
child	46276643	child
play .	2428412	play .
bewitching	80041	bewitching
river	12570076	river
float	1460095	float
ships ,	867657	ships ,
ago	15950013	ago
stream .	785974	stream .
stream	6638154	stream
wider	4962184	wider
realized	9907379	realized
full	39841263	full
circle .	978490	circle .
circle	7524861	circle
home .	10087769	home .
home	58425147	home
safest ,	19086	safest ,
safest	352869	safest
sweetest	256956	sweetest
world .	15942361	world .
During	17869601	during
warm	8890485	warm
evenings ,	212304	evenings ,
evenings	1107756	evenings
walk	11800015	walk
beach ,	741168	beach ,
beach	4267850	beach
hear	18622526	hear
gentle	3529333	gentle
rippling	198044	rippling
swash	27029	swash
must	124852809	must
gurgling	115569	gurgling
voices	4634004	voices
wonderful	6181671	wonderful
last	57574244	last
evening	12026621	evening
old	66132164	old
year ,	9610556	year ,
year	73403129	year
snow	5572025	snow
falling	5726190	falling
furious .	207575	furious .
girl	16352263	girl
sheltered	783069	sheltered
gelid	5523	gelid
roamed	298255	roamed
streets	6363181	streets
bare	3552320	bare
naked	2966278	naked
feet ,	3164194	feet ,
church	22128712	church
mouse .	335380	mouse .
mouse	3954755	mouse
pair	7856480	pair
slippers	399363	slippers
left	65369345	left
home ,	8083467	home ,
use	128514875	use
chocolate	1891939	chocolate
teapot .	25030	teapot .
teapot	143052	teapot
owned	7296902	owned
large	65165705	large
emaciated	183967	emaciated
lost	24735186	lost
running	14525743	running
street	11526168	street
avoid	14527295	avoid
carriages	477421	carriages
terrible	4962006	terrible
rate .	2929951	rate .
rate	42059875	rate
find ,	791896	find ,
boy	15012057	boy
seized	2716575	seized
other ,	8744119	other ,
pet	1554092	pet
cold ,	2082219	cold ,
on ,	13329496	on ,
wondering	2646075	wondering
get	86515246	get
dreadful	1253651	dreadful
night .	6873405	night .
night	37510529	night
approached	4497245	approached
hovel	73520	hovel
used	127267606	used
shelter	2858728	shelter
times	44168985	times
before ,	5804935	before ,
before	114226587	before
found	84394374	found
entrance	5072945	entrance
locked .	239620	locked .
locked	3534598	locked
Tough	227647	tough
luck	3228871	luck
girl !	147272	girl !
others .	10499672	others .
others	56694406	others
Samaritan	305307	samaritan
penny .	97589	penny .
penny	857995	penny
selling	5975094	selling
any	178544323	any
matches	1817726	matches
carried	18379709	carried
apron	585076	apron
grandmother	2772794	grandmother
her .	25582863	her .
child ,	4584278	child ,
picture	15757363	picture
misery .	340707	misery .
misery	1810230	misery
long ,	5897457	long ,
hair ,	2732595	hair ,
hair	16590025	hair
hung	4583020	hung
curls	592426	curls
shoulders ,	1093398	shoulders ,
shoulders	5310532	shoulders
snowflakes	107810	snowflakes
landing ,	261027	landing ,
landing	2746509	landing
did	164942220	did
notice	11275569	notice
shivered	491021	shivered
along .	1365026	along .
losing	4480292	losing
strength	16565468	strength
beginning	23257497	beginning
doubt	14188519	doubt
weather	6846495	weather
storm .	566220	storm .
storm	4050839	storm
New	115330984	new
Year 's ,	16677	year 's ,
Year 's	544535	year 's
herself	20074494	herself
why ,	1538360	why ,
lights	4876964	lights
shone	977222	shone
every	63144706	every
window ,	2622860	window ,
window	16418243	window
savory	129660	savory
smell	3934490	smell
roast	622675	roast
goose	594511	goose
crept	917285	crept
streets ,	1181368	streets ,
alone .	5156496	alone .
alone	24587884	alone
Exhausted ,	30814	exhausted ,
Exhausted	84246	exhausted
sat	14799021	sat
corner	8812182	corner
bakery .	46317	bakery .
bakery	343420	bakery
rag	525215	rag
legs	7656636	legs
cover	13765275	cover
herself ,	2460098	herself ,
keep	32794260	keep
cold .	1418113	cold .
girl ,	2337311	girl ,
completely	14829586	completely
enveloped ,	9615	enveloped ,
enveloped	431228	enveloped
dared	1389752	dared
sold	9868687	sold
matches .	167847	matches .
father	37245167	father
mean	33028765	mean
moody	178771	moody
since	58545854	since
wife	24047871	wife
meet	19601213	meet
Maker .	50713	maker .
Maker	441171	maker
certainly	15468602	certainly
beat	5158229	beat
her ,	17413523	her ,
done	40695923	done
several	51680241	several
weeks	15374579	weeks
past ,	4584070	past ,
past	36197622	past
today .	5285718	today .
today	23436226	today
Besides ,	2409559	besides ,
Besides	4804021	besides
outside ,	1527713	outside ,
patchy	202526	patchy
roof	4736012	roof
girl 's	1038873	girl 's
frozen	2924343	frozen
solid	9023598	solid
burning	4921928	burning
match	6404010	match
good .	5225351	good .
' Scratch ! '	0	' scratch ! '
Scratch	118245	scratch
sounded	3237154	sounded
out .	14986569	out .
sputtered	194678	sputtered
burnt !	1750	burnt !
burnt	1370914	burnt
warm ,	1114531	warm ,
candle - like	776	candle - like
candle	1323233	candle
bright	6970967	bright
light	42409052	light
hid	1302076	hid
held	35236312	held
it .	71375197	it .
wanted	31176058	wanted
buy	10703771	buy
match ?	29435	match ?
light ,	4134824	light ,
really .	676419	really .
really	36961130	really
seemed	29429319	seemed
iron	9018328	iron
stove ,	276036	stove ,
stove	1321112	stove
polished	1396810	polished
brass	1608799	brass
ornament .	83768	ornament .
ornament	636175	ornament
fire	20358097	fire
burned !	4317	burned !
burned	3595097	burned
actually	22550287	actually
stretched	2870453	stretched
them ,	26660511	them ,
flame	2296775	flame
short ,	4763858	short ,
short	35215395	short
stubby	107470	stubby
rubbed	1368620	rubbed
wall .	2749169	wall .
wall	16611174	wall
flame ,	269462	flame ,
lo	1835109	lo
behold ,	284238	behold ,
behold	955504	behold
transported	1632242	transported
dank	131695	dank
beautiful ,	1466927	beautiful ,
sunny	990671	sunny
forest .	993572	forest .
forest	9078094	forest
birds	6361699	birds
chirping	104585	chirping
wildflowers	178706	wildflowers
birches	59919	birches
snow .	791662	snow .
squirrel	423302	squirrel
food	29768787	food
scurried	184341	scurried
underbrush .	31269	underbrush .
underbrush	129607	underbrush
curious ,	290270	curious ,
curious	3670543	curious
dug	1560602	dug
forgot	1964672	forgot
place ,	8270154	place ,
nowhere	2429404	nowhere
found .	2216127	found .
was n't	15985	was n't
n't	234780	n't
eyes .	7031428	eyes .
thick ,	919463	thick ,
damp ,	190803	damp ,
damp	1479540	damp
despondently	23973	despondently
fully	15213503	fully
darkened	826953	darkened
star	5786355	star
fall ,	1265757	fall ,
fall	18115537	fall
leaving	11955888	leaving
streak	586066	streak
fire .	2922577	fire .
' Someone	37285	' someone
Someone	2123510	someone
dying , '	3793	dying , '
dying	4562528	dying
girl .	1812024	girl .
grandmother ,	452985	grandmother ,
loved	9427047	loved
most ,	1013054	most ,
Sunday ,	1017788	sunday ,
Sunday	6862790	sunday
falls ,	352623	falls ,
falls	5064619	falls
soul	12819375	soul
leaves	11306879	leaves
brightness	1007383	brightness
stood ,	720299	stood ,
loving	3752220	loving
appearance .	1262781	appearance .
appearance	11013949	appearance
disappear ,	292085	disappear ,
disappear	2425438	disappear
' Grandmother , '	155	' grandmother , '
one ,	11012439	one ,
' O	237680	' o
O	14670016	o
you !	1804746	you !
burns	1099971	burns
out ! '	26726	out ! '
bundle	1489577	bundle
matches ,	180013	matches ,
order	71575698	order
there .	13094403	there .
glowed	407209	glowed
brighter	705224	brighter
never	74546406	never
appeared	16686293	appeared
arms ,	2368068	arms ,
arms	15980830	arms
both	116011743	both
flew	2656765	flew
upwards	1097934	upwards
joy	5858259	joy
far	50059082	far
neither	14001676	neither
nor	23501188	nor
hunger ,	448179	hunger ,
hunger	2292323	hunger
safe	10018666	safe
peaceful .	133661	peaceful .
dawn	2570111	dawn
morning	22128226	morning
lay	13552915	lay
frowning ,	53847	frowning ,
frowning	373996	frowning
smiling	3119136	smiling
pale	3929513	pale
leaning	1789890	leaning
against	79033828	against
wall ,	2312781	wall ,
stone	9878783	stone
dead .	3061680	dead .
dead	18094749	dead
' She	869058	' she
herself , '	21065	herself , '
some .	456360	some .
Children	8802055	children
asking	7941240	asking
parents	25278253	parents
helped	11341770	helped
dirt	2469424	dirt
helpless .	194697	helpless .
helpless	1526304	helpless
Passersby	7977	passersby
motionless	706216	motionless
intentions	2998233	intentions
late	29067082	late
dollar	4512285	dollar
short .	784249	short .
suspected	3567250	suspected
fallen	5034130	fallen
asleep	3203195	asleep
frozen ,	207859	frozen ,
imagined	3662569	imagined
things	56035173	things
seen ,	3401166	seen ,
seen	48510258	seen
glory	4098901	glory
heads	7111834	heads
master ,	990335	master ,
master	10649270	master
number	87423172	number
chosen	9821287	chosen
king .	1112327	king .
king	13253011	king
meeting	18991526	meeting
called	69300306	called
distant	5369442	distant
lands	5781753	lands
unable	8683177	unable
come ,	2267523	come ,
faraway	245945	faraway
meadows	559055	meadows
woods .	636733	woods .
woods	3342085	woods
eagle ,	137116	eagle ,
eagle	922318	eagle
de	75082133	de
facto	1019956	facto
king ,	1766253	king ,
arrived	12208049	arrived
fashionably	62603	fashionably
late .	1592933	late .
hawk	451703	hawk
meeting ,	1950055	meeting ,
horse	9634789	horse
small	68870614	small
fry	521851	fry
too ,	11614785	too ,
robin ,	25511	robin ,
robin	200137	robin
bluebird ,	5486	bluebird ,
bluebird	31738	bluebird
owl ,	87087	owl ,
owl	564219	owl
lark ,	35074	lark ,
lark	150710	lark
sparrow ,	38160	sparrow ,
sparrow	218310	sparrow
million	21837221	million
present	52582897	present
meeting .	1627321	meeting .
cuckoo ,	17789	cuckoo ,
cuckoo	135934	cuckoo
invited	5067831	invited
annoyed	919081	annoyed
birds ,	1132429	birds ,
too .	9096881	too .
bird	4823924	bird
name	51126537	name
all ,	16444334	all ,
overturning	170467	overturning
balance	14110170	balance
power	69017913	power
birds .	735952	birds .
confusion	5102421	confusion
expected ,	1521999	expected ,
expected	21880269	expected
sheer	2071421	sheer
numbers	18625635	numbers
gathered .	162255	gathered .
gathered	5394781	gathered
piping ,	56718	piping ,
piping	464744	piping
hissing ,	28653	hissing ,
hissing	260820	hissing
clacking ,	2471	clacking ,
clacking	38495	clacking
fly	5023580	fly
highest	10194893	highest
should	157257237	should
low	40087210	low
hopping	375893	hopping
onto	11889539	onto
competition	10329180	competition
commence .	48272	commence .
commence	651211	commence
flock	1024358	flock
signal	11412767	signal
given .	1511314	given .
dust ,	604886	dust ,
dust	4736167	dust
black	34294950	black
floating	2718369	floating
field .	4333698	field .
field	35280381	field
flapping	297204	flapping
fields	11642665	fields
miles	14192801	miles
away .	9942633	away .
fact	61142902	fact
larger	19120633	larger
ones	16074289	ones
longer ,	1124785	longer ,
higher ,	710014	higher ,
any ,	1496560	any ,
one .	12059624	one .
anyone	14355821	anyone
stop	16470671	stop
flying	4200420	flying
straight	10602691	straight
sun ?	49710	sun ?
thought ,	6401996	thought ,
higher ?	14487	higher ?
bag	5370600	bag
am	41836698	am
king ! '	2715	king ! '
accord ,	168944	accord ,
accord	1854166	accord
' Come	380746	' come
back ,	7231244	back ,
back !	274194	back !
you . '	771031	you . '
' Except	21430	' except
Except	2137696	except
me ! '	107471	me ! '
shrill ,	51473	shrill ,
shrill	416532	shrill
voice ,	3331574	voice ,
voice	26116077	voice
without	84166493	without
rose	8709183	rose
eagle 's	56121	eagle 's
lain	396508	lain
hidden	6412449	hidden
feathers .	202496	feathers .
feathers	1311688	feathers
guile	119870	guile
ace	369113	ace
sleeve ,	135774	sleeve ,
sleeve	990393	sleeve
laughed	5955735	laughed
easy	18267075	easy
outwit	67587	outwit
mounted ,	161694	mounted ,
mounted	3327156	mounted
sight ,	1272511	sight ,
folding	981146	folding
wings	3132856	wings
sank	1447624	sank
crying	3000627	crying
shrilly ,	9114	shrilly ,
shrilly	45559	shrilly
tricked	231363	tricked
sensed	1424388	sensed
that .	13340784	that .
arms .	2186251	arms .
' You ,	23971	' you ,
king ? '	2927	king ? '
fuming	101601	fuming
anger .	983027	anger .
anger	6714851	anger
' You	3826707	' you
breaking	4739864	breaking
rule	22483902	rule
book ,	7018613	book ,
book	49033521	book
you ,	22906349	you ,
simply	28445238	simply
reign	2920841	reign
us . '	190443	us . '
us	108913586	us
said ,	40913812	said ,
everyone	14473465	everyone
start	21599088	start
clean	8058996	clean
slate	643177	slate
perform	10367531	perform
challenging	3000097	challenging
task .	2238993	task .
task	17857915	task
decide	8384940	decide
real	40475381	real
king . '	10887	king . '
case	83294081	case
resolved	4207260	resolved
making	44514896	making
condition ,	2166005	condition ,
condition	20353662	condition
deepest	1323712	deepest
despised	764300	despised
Confident ,	5783	confident ,
Confident	82439	confident
remained ,	380077	remained ,
played	13062452	played
cards	5502348	cards
right ,	8427478	right ,
wallowed	41412	wallowed
sand ,	783889	sand ,
sand	5444594	sand
duck	989240	duck
strove	448359	strove
dig	1306987	dig
hole	5831470	hole
task !	12859	task !
practically	3117106	practically
face .	6823450	face .
nameless	315375	nameless
pitch	3008689	pitch
mouse 's	21613	mouse 's
hole ,	585758	hole ,
creeping	620140	creeping
avail .	269325	avail .
avail	858069	avail
remaining	8938882	remaining
littlest	30873	littlest
outwitted	48600	outwitted
again ,	13598035	again ,
angrily	807887	angrily
before .	6374323	before .
' Do	1326002	' do
think	67200350	think
way ?	790908	way ?
No ,	10122712	no ,
no !	464648	no !
shall	44913437	shall
stay	15085046	stay
till	7643652	till
die	17676334	die
hunger ! '	226	hunger ! '
shut	4903290	shut
unwillingly ,	38863	unwillingly ,
unwillingly	146941	unwillingly
bade	451170	bade
watch	9577111	watch
carefully	10230063	carefully
bed ,	3379531	bed ,
tired ,	741750	tired ,
assigned	7404078	assigned
stand	15695998	stand
guard	5217577	guard
job	25803539	job
lonely	2129873	lonely
wearisome	92378	wearisome
staring	2907063	staring
hole .	727086	hole .
close	31505401	close
eye	15763611	eye
other , '	43547	other , '
thought .	5203531	thought .
closed	13604408	closed
stared	4513179	stared
steadfastly	201439	steadfastly
open ,	2509347	open ,
asleep .	896194	asleep .
guarded	1152523	guarded
peeped	115964	peeped
owl 's	26838	owl 's
tight	4398874	tight
shut ,	313641	shut ,
slipped	2912837	slipped
shout ,	204114	shout ,
shout	1215676	shout
king '	226430	king '
flew ,	58957	flew ,
better	48996201	better
show	38166852	show
fear	17198011	fear
daylights	26738	daylights
flies	1661324	flies
nighttime ,	18101	nighttime ,
nighttime	309088	nighttime
hating	301322	hating
pursuing	1954554	pursuing
bird ,	550581	bird ,
having	42656711	having
made	132945317	made
crept .	3183	crept .
keeps	3582898	keeps
fears	3918488	fears
punish	1322732	punish
cunning .	64495	cunning .
rejection	3517329	rejection
bitter	3179269	bitter
pill	720689	pill
swallow	1121515	swallow
slip	3085226	slip
hides	799709	hides
hedges ,	82104	hedges ,
hedges	364625	hedges
thinks	4855796	thinks
safe ,	981663	safe ,
sings	691024	sings
mockery	428089	mockery
' Yes ,	857534	' yes ,
Yes	19605775	yes
yes ,	3197368	yes ,
hedge - king ,	0	hedge - king ,
hedge - king	0	hedge - king
hedge	1102235	hedge
hedge - king ! '	0	hedge - king ! '
ten	19239259	ten
years	114423406	years
old ,	3637922	old ,
figure	20104468	figure
Elvis	650069	elvis
Presley	256517	presley
guy	5546978	guy
rest	23781741	rest
boys	11013213	boys
have .	2392697	have .
different	94725345	different
us .	12508125	us .
head ,	5398558	head ,
legs .	1258718	legs .
something	56397999	something
pretty	9374625	pretty
superlative	153725	superlative
young	42619892	young
orphanage	253927	orphanage
wrapped	2842395	wrapped
finger .	603297	finger .
finger	5091093	finger
nine	9145840	nine
o'clock	3555398	o'clock
Saturday	4006925	saturday
morning ,	4986889	morning ,
figured	2453961	figured
ask	22058779	ask
Eugene	1514603	eugene
Correthers ,	0	correthers ,
Correthers	0	correthers
older	14300395	older
smarter	333103	smarter
boys ,	1304704	boys ,
special .	391256	special .
special	29951345	special
anything	29918715	anything
Elvis 's	37482	elvis 's
personality ,	996598	personality ,
personality	7645081	personality
wavy	309794	wavy
moved	19311958	moved
body .	6367174	body .
body	53702614	body
half	36278645	half
hour	16736533	hour
later ,	11052743	later ,
later	55784164	later
main	29437798	main
dining	2910400	dining
room	42569269	room
matron	214787	matron
going	55442137	going
downtown	1857146	downtown
Jacksonville ,	110738	jacksonville ,
Jacksonville	263906	jacksonville
Florida	5211391	florida
Buster	233013	buster
Brown	9564348	brown
shoes	4271116	shoes
haircut .	49136	haircut .
haircut	210866	haircut
got	43005809	got
idea ,	2100337	idea ,
idea	32654099	idea
hit	9467805	hit
ton	1397730	ton
bricks .	120695	bricks .
bricks	943998	bricks
secret ,	685065	secret ,
secret	8933332	secret
get .	563789	get .
sun ,	1752633	sun ,
talked	6615885	talked
about .	3872776	about .
haircut ,	48900	haircut ,
simple	25423655	simple
orphanage ,	42969	orphanage ,
particularly	27491414	particularly
loquacious .	3953	loquacious .
loquacious	49783	loquacious
everybody ,	262299	everybody ,
everybody	4066554	everybody
normally	7271856	normally
feared ,	232683	feared ,
look	47510867	look
learn	18725006	learn
move	24909837	move
rich	12456985	rich
famous	9360112	famous
nothing .	3331253	nothing .
nothing	38429085	nothing
shoes ,	909409	shoes ,
ear	5829757	ear
ear .	1233385	ear .
shined	111445	shined
brightly ,	78247	brightly ,
brightly	855309	brightly
bones	4376162	bones
x - ray	704943	x - ray
x	16477178	x
ray	4153456	ray
machine	11313867	machine
shoe	1458588	shoe
store	10270499	store
green .	662512	green .
green	12917565	green
ready	16067422	ready
practice	31369864	practice
girls	12006242	girls
loved ,	413164	loved ,
shoes .	833886	shoes .
though ,	5173801	though ,
needed	29198561	needed
complete	23000029	complete
look .	1800908	look .
unassuming ,	23873	unassuming ,
unassuming	139149	unassuming
unembellished	9697	unembellished
barbershop ,	14921	barbershop ,
barbershop	76561	barbershop
free	39192789	free
orphans .	64839	orphans .
orphans	454850	orphans
supposed	9366370	supposed
slowly	10859756	slowly
wait	9441077	wait
called ,	1509476	called ,
barber	394790	barber
chairs	2514661	chairs
climbed	2532328	climbed
board	13482309	board
placed	19012612	placed
sit	9144370	sit
higher .	770317	higher .
beaming	304264	beaming
smile	8995820	smile
want	61590617	want
Elvis 's ? '	0	elvis 's ? '
asked .	7716284	asked .
barber ,	54790	barber ,
genial	292785	genial
man ,	11783972	man ,
grinned	1562726	grinned
try	21092781	try
best .	1904668	best .
best	50874818	best
started	22218842	started
cut ,	713846	cut ,
matron ,	37118	matron ,
watching	7234206	watching
ice ,	657111	ice ,
ice	8173957	ice
motioned	584481	motioned
standing .	539691	standing .
whispered	3750988	whispered
caused	16335731	caused
shake	2330953	shake
' No ' .	12991	' no ' .
response ,	2019361	response ,
response	28758864	response
walked	12580771	walked
office	24308787	office
chair	8889250	chair
squeaked	116770	squeaked
rolled	3677748	rolled
floor	15763266	floor
spoke	11008911	spoke
cutting	5223062	cutting
hair .	2258303	hair .
thing	36695676	thing
knew ,	1578650	knew ,
allowed	17955384	allowed
give	51024596	give
cut .	617918	cut .
' Why	954184	' why
not ? '	93402	not ? '
desperately .	85279	desperately .
desperately	1575581	desperately
stopped	11653050	stopped
answer ,	1913421	answer ,
answer	23098124	answer
expression ,	1747310	expression ,
expression	20601318	expression
tell	34311287	tell
Within	6298400	within
minutes ,	2929994	minutes ,
buzz	435991	buzz
me .	30125409	me .
finished	8993459	finished
shaving	338391	shaving
powder ,	445031	powder ,
powder	3003953	powder
handed	5039115	handed
nickel	929620	nickel
snack	604773	snack
myself	19447387	myself
candy	1070570	candy
bar .	1309982	bar .
bar	9621120	bar
hungry .	507756	hungry .
hungry	2856691	hungry
' I 'm	1003080	' i 'm
I 'm	39638273	i 'm
'm	39638280	'm
sorry ,	1358528	sorry ,
sorry	5821062	sorry
baby , '	11720	baby , '
baby	11074167	baby
chair .	1662233	chair .
wiped	1470454	wiped
tears	6156948	tears
brushed	1150796	brushed
accumulated	2139868	accumulated
shiny	940068	shiny
floor ,	2538254	floor ,
pants ,	334716	pants ,
pants	1736028	pants
sullenly	99652	sullenly
door .	6183006	door .
sort	15450103	sort
funny	2653472	funny
like .	2652491	like .
upset	3061407	upset
damn	2010010	damn
bitch ,	176259	bitch ,
bitch	945530	bitch
lady . '	13932	lady . '
lady	6862097	lady
yelled	1620781	yelled
lungs ,	449994	lungs ,
lungs	2205601	lungs
walking	7623336	walking
toward	32888621	toward
office ,	3625706	office ,
could .	1556421	could .
anger ,	1327225	anger ,
brick	2410149	brick
smoking	3671304	smoking
cigarette .	344525	cigarette .
cigarette	2291328	cigarette
man .	8347686	man .
smiled	7544213	smiled
me ,	26530394	me ,
patted	663234	patted
bald	737288	bald
coot	32122	coot
gon na	74	gon na
gon	81253	gon
na	1909460	na
anytime	511912	anytime
soon .	1460459	soon .
asked ,	4861568	asked ,
bones ? '	781	bones ? '
story	31595058	story
Mr.	29597778	mr.
Sticky	63728	sticky
Abby 's	49601	abby 's
Abby	596695	abby
tank .	401301	tank .
tank	3246402	tank
' He 's	236003	' he 's
He 's	6196810	he 's
small , '	4927	small , '
mom	2069091	mom
peered	860488	peered
snail .	19233	snail .
grow	9734379	grow
pulled	9729077	pulled
pajama	53699	pajama
bottoms	409011	bottoms
down .	7958646	down .
Usually ,	829898	usually ,
Usually	2474597	usually
crack	2946791	crack
dawn ,	448926	dawn ,
jumped	2900435	jumped
switched	1626812	switched
tank ,	341571	tank ,
contained	9402181	contained
three	94037962	three
fish .	1147139	fish .
spotted	1681996	spotted
taken	43883248	taken
clinging	730204	clinging
glass	12138452	glass
bottom ,	849615	bottom ,
bottom	12039696	bottom
gravel .	120078	gravel .
gravel	1307986	gravel
school	49507062	school
Abby ,	57325	abby ,
encouraged	6234031	encouraged
teacher ,	1731170	teacher ,
teacher	14634862	teacher
wrote	20759269	wrote
excitedly	380331	excitedly
mysterious	2586545	mysterious
Sticky ,	2263	sticky ,
mistake	4855710	mistake
class	42067820	class
teased ,	58897	teased ,
teased	572460	teased
small .	1397425	small .
evening ,	2400081	evening ,
weed	914901	weed
bobbing	221230	bobbing
bubbles .	115927	bubbles .
bubbles	894966	bubbles
' That	1287173	' that
looks	10558295	looks
fun ! '	2901	fun ! '
fun	5883928	fun
exclaimed .	502853	exclaimed .
imagine	7187692	imagine
hang	2829330	hang
probably	29000763	probably
tiring .	34212	tiring .
tiring	242176	tiring
grown	7750420	grown
bit	15770554	bit
breakfast .	755793	breakfast .
breakfast	4103728	breakfast
' Just	302591	' just
gobbled	71105	gobbled
that , '	354519	that , '
responded	4723881	responded
preparing	3933717	preparing
whined	168315	whined
did n't	47073	did n't
would n't	23745	would n't
cute	676322	cute
anymore .	1558911	anymore .
anymore	2743132	anymore
' Small	33266	' small
things ,	6207074	things ,
cute ,	108906	cute ,
right ? '	85333	right ? '
herself .	3064382	herself .
art	24358486	art
class ,	4758697	class ,
pieces	9098205	pieces
paper	26454718	paper
expensive ,	699980	expensive ,
expensive	6087651	expensive
draw	9102897	draw
elephant ,	165592	elephant ,
elephant	1213127	elephant
mind	42835533	mind
using	56850112	using
drawing	8745005	drawing
encouraging ,	130112	encouraging ,
encouraging	2968133	encouraging
remarked	2825594	remarked
creative	6663180	creative
beamed	404320	beamed
giving	16417665	giving
seal	2323646	seal
approval .	768769	approval .
approval	5058348	approval
Mom ,	514279	mom ,
convinced	5274085	convinced
cleaning	2786708	cleaning
vacuum ,	204753	vacuum ,
vacuum	2420726	vacuum
' hoover ' .	0	' hoover ' .
hoover	5310	hoover
' Where 's	50388	' where 's
Where 's	698948	where 's
Sticky ? '	43	sticky ? '
school .	5471770	school .
' On	631429	' on
side , '	16313	side , '
side	48798225	side
added ,	2578566	added ,
added	21322284	added
' Do n't	43	' do n't
Do n't	1112	do n't
worry .	672655	worry .
worry	5621974	worry
extra	7759192	extra
sorry . '	30627	sorry . '
sides	9829499	sides
sign	13731175	sign
couple	11386681	couple
days	45157467	days
ago .	4272108	ago .
sad .	440094	sad .
sad	4094656	sad
hours	25015518	hours
clears	295123	clears
careful	7678101	careful
bedroom	3784939	bedroom
check	12411063	check
again .	16302535	again .
settled	6959663	settled
clear ,	2710261	clear ,
Sticky .	1076	sticky .
kneeled	87036	kneeled
cleared	2753286	cleared
thoroughly ,	176743	thoroughly ,
thoroughly	3882420	thoroughly
nerves	2442763	nerves
descended	1647453	descended
stairs .	852957	stairs .
stairs	3465933	stairs
study ,	5186322	study ,
study	52155023	study
books	20471356	books
papers ,	1373208	papers ,
papers	8290715	papers
working	34445827	working
impatient	1051793	impatient
worried	3879612	worried
bad	19213952	bad
news .	1477314	news .
news	14013481	news
' He 'll	28114	' he 'll
He 'll	808987	he 'll
'll	42870319	'll
up , '	84356	up , '
Then ,	6448429	then ,
add	13812708	add
fuel	5641113	fuel
flames ,	224933	flames ,
flames	1627160	flames
raised	14251814	raised
tone	7827418	tone
dismissively ,	12495	dismissively ,
dismissively	72289	dismissively
' For	547995	' for
being ,	2870319	being ,
Abby .	46719	abby .
I 've	15923265	i 've
've	32992191	've
masses	3770528	masses
work	135320001	work
catch	6166843	catch
on . '	109530	on . '
temper	1831950	temper
angry	5736154	angry
hell .	763558	hell .
hell	5879237	hell
' You 've	141306	' you 've
You 've	2574939	you 've
hoovered	2093	hoovered
up ,	13671506	up ,
have n't	12522	have n't
you ? '	588688	you ? '
accusingly .	24647	accusingly .
accusingly	56235	accusingly
denied	5318967	denied
version	13153669	version
careful ,	491169	careful ,
hard	30493645	hard
see .	2985482	see .
' What 's	284448	' what 's
What 's	5041842	what 's
wrong	16679348	wrong
small ? '	1020	small ? '
' Nothing	171442	' nothing
makes	29037262	makes
find . '	5630	find . '
' Or	99327	' or
notice , '	4333	notice , '
feeling	17997939	feeling
small ,	4554821	small ,
overlooked	1600456	overlooked
storming	176142	storming
room .	8213060	room .
Mom 's	206145	mom 's
appeared .	705287	appeared .
insensitive	634046	insensitive
earlier .	2294746	earlier .
earlier	24441419	earlier
burner	401502	burner
occupied	5672713	occupied
breathing	4103276	breathing
account	30598675	account
ignore	3536275	ignore
strained	1123191	strained
remain	16517925	remain
with ,	5656914	with ,
glasses	2785708	glasses
search	15119703	search
effectively .	771138	effectively .
effectively	7961745	effectively
' This	1220828	' this
powerful	14104583	powerful
important	77762315	important
occasions	4218239	occasions
hunting , '	1143	hunting , '
said .	30521537	said .
trying	20128234	trying
butter	2864124	butter
succeed ,	406542	succeed ,
succeed	3569988	succeed
own .	5822575	own .
' I 've	378146	' i 've
magnifying	254574	magnifying
glass , '	4424	glass , '
remembered	6932479	remembered
rushed	2373651	rushed
beside	6485168	beside
sat ,	328046	sat ,
shuffling	313281	shuffling
peering	512812	peering
pebbles	401910	pebbles
weed .	62350	weed .
imagine ,	481783	imagine ,
out ?	839621	out ?
point	68533138	point
speck	211435	speck
deceptively	175132	deceptively
live	26729203	live
animal .	738855	animal .
animal	11811207	animal
quits ,	16081	quits ,
quits	145228	quits
' Ah	246462	' ah
Ah	3009816	ah
ha ! '	4137	ha ! '
ha	2843936	ha
Tucked	43216	tucked
curve	7553731	curve
archway ,	25948	archway ,
archway	144273	archway
perfectly	5795561	perfectly
stone ,	1142126	stone ,
sound .	1570412	sound .
sound	20852205	sound
count	6722362	count
on , '	136869	on , '
relief .	1230814	relief .
relief	8320652	relief
addition	27829047	addition
family	63998193	family
from .	1178004	from .
suspect	3776247	suspect
guilty ,	420646	guilty ,
guilty	4630606	guilty
think ? '	56617	think ? '
Mom .	314897	mom .
cozy ,	46906	cozy ,
cozy	405261	cozy
squeeze .	90003	squeeze .
squeeze	987794	squeeze
' Budge	425	' budge
Budge	79763	budge
push	4573513	push
bottom .	904283	bottom .
ca n't	66	ca n't
ca	1597510	ca
edge . '	2835	edge . '
edge	11438505	edge
' Good	352587	' good
heavens ,	359849	heavens ,
heavens	1530589	heavens
then .	2772116	then .
happen ?	447949	happen ?
happen	10393176	happen
could 've	161022	could 've
this .	8692872	this .
you 'll	8238672	you 'll
up . '	140086	up . '
chest	6875624	chest
smiled .	1897725	smiled .
text	27842184	text
message	15214329	message
Lucy	2248764	lucy
Josephs	34246	josephs
failure .	2051277	failure .
failure	16636624	failure
ugly ,	282263	ugly ,
ugly	1978872	ugly
style	17652570	style
hated	2514435	hated
least	48582456	least
Lucy .	145047	lucy .
lot	21269989	lot
struggling	2265667	struggling
understand .	2103298	understand .
understand	29240637	understand
actual	16047083	actual
note	19803831	note
party	30584496	party
tonight ,	771535	tonight ,
tonight	3253734	tonight
already !	51895	already !
Lucy ,	282020	lucy ,
receiving	6453718	receiving
messages	6289314	messages
ago ,	4956581	ago ,
tapped	980527	tapped
mobile	3866719	mobile
screen	9231682	screen
view .	3719965	view .
view	44626238	view
tap	1603952	tap
erase	582347	erase
trace	4431173	trace
' Was	116420	' was
messages ? '	668	messages ? '
driving	6322359	driving
car .	2994275	car .
car	19890198	car
confirmed	5244834	confirmed
suspicion	2664602	suspicion
founded	6055898	founded
answered	9012555	answered
dejectedly ,	5970	dejectedly ,
dejectedly	43180	dejectedly
was . '	39078	was . '
' Have n't	25	' have n't
reported	20995896	reported
yet ? '	26088	yet ? '
yet	39957037	yet
Jill ,	86823	jill ,
Jill	948278	jill
Lucy 's	183635	lucy 's
sister	9970875	sister
passenger	2075639	passenger
seat .	1262942	seat .
seat	7992231	seat
' Yes , '	160340	' yes , '
lying	6109484	lying
teeth .	1253860	teeth .
teeth	6197192	teeth
sender	782406	sender
jealous	1313951	jealous
arguments ,	803466	arguments ,
arguments	7973275	arguments
effort	16657004	effort
comfort	4887104	comfort
daughter .	1423626	daughter .
daughter	13702865	daughter
phone	10537598	phone
months	25863713	months
admitted	5728725	admitted
regret	2074374	regret
bugging	78853	bugging
loud	4009477	loud
sighed ,	352672	sighed ,
sighed	2311062	sighed
Lucy . '	1851	lucy . '
' No ,	787159	' no ,
fine .	1638050	fine .
love	42743185	love
it , '	586013	it , '
knowing	8651713	knowing
affording	271571	affording
mother .	3476567	mother .
though .	1406447	though .
sending	4191416	sending
messages ,	673604	messages ,
number ,	2626961	number ,
life .	22217297	life .
texts	8525720	texts
now ,	13036993	now ,
abusive	930149	abusive
hurtful .	23655	hurtful .
hurtful	232596	hurtful
person	54204685	person
messaging	349133	messaging
achieve	11214067	achieve
hateful	314340	hateful
messages .	806755	messages .
school ,	5660207	school ,
shadow	4318021	shadow
November	14535630	november
shiver	405110	shiver
run	26037535	run
spine .	530798	spine .
spine	2411278	spine
Hastened	2541	hastened
concert ,	219541	concert ,
concert	2131949	concert
hesitantly	183850	hesitantly
stepped	4952899	stepped
final	21602425	final
become	55719054	become
involved	27319869	involved
helping	5842856	helping
organize	2836534	organize
talent	2979540	talent
show ,	1603347	show ,
position	40450148	position
seriously .	910239	seriously .
seriously	6163929	seriously
hurried	1948452	hurried
pulling	2928123	pulling
worn ,	183093	worn ,
worn	3644517	worn
oversized	280472	oversized
coat	4235100	coat
originally	6172483	originally
belonged	3143797	belonged
dry	10398401	dry
filled	12364416	filled
excitement	3427417	excitement
regretted	652809	regretted
participate	5783380	participate
show .	1333445	show .
' To	563653	' to
waste	7350025	waste
shame ,	555240	shame ,
shame	3127197	shame
such	209032143	such
voice , '	72073	voice , '
argued	10881822	argued
considering	5983700	considering
sing .	306130	sing .
sing	3364195	sing
night ,	7249022	night ,
through .	2005845	through .
does	97537337	does
feel	33877718	feel
tall	5770858	tall
lanky	127017	lanky
giraffe ? '	62	giraffe ? '
giraffe	115040	giraffe
surprise .	1154581	surprise .
surprise	6442612	surprise
popular	17347904	popular
girls ,	1370723	girls ,
was n't ,	257	was n't ,
began ,	1298255	began ,
proud	4302948	proud
different .	3298327	different .
text ,	3294516	text ,
self - confidence	529891	self - confidence
self	49631018	self
confidence	9172098	confidence
deflated	176769	deflated
end ,	5476196	end ,
doing	28432647	doing
agree	9151314	agree
choice	19468150	choice
stage	22343407	stage
beckoning	169582	beckoning
encouragingly	68162	encouragingly
performer .	109882	performer .
performer	887847	performer
audience ,	1343497	audience ,
audience	10967125	audience
stage ,	2975315	stage ,
microphone	771874	microphone
applaud	229603	applaud
sense	45135376	sense
anticipation	1466794	anticipation
emanate	225749	emanate
curtain .	152375	curtain .
curtain	1397822	curtain
curtains	1090999	curtains
part ,	5759131	part ,
cast	7604932	cast
wings ,	519386	wings ,
positive	21509569	positive
thumbs	427623	thumbs
she ,	1165982	she ,
unlike	4911919	unlike
sister ,	1910785	sister ,
judging	1244700	judging
audience .	1861838	audience .
crowd	6087995	crowd
notes	12057816	notes
music	21118941	music
sudden	6001534	sudden
calm	4147380	calm
everything	22592480	everything
threatened	4763790	threatened
over ,	4291144	over ,
feel .	663855	feel .
music ,	3536549	music ,
sing ,	359363	sing ,
pain	19787856	pain
causing	5359951	causing
flowed	1098833	flowed
words	48067530	words
important ,	4100938	important ,
latched	113327	latched
onto .	26763	onto .
song	7155630	song
slipping	901293	slipping
died	16249807	died
cheers	379404	cheers
applause	805276	applause
expected .	1490341	expected .
enjoy	7576280	enjoy
achievement	5157662	achievement
belonging	3705244	belonging
cheering	470747	cheering
loudest	154069	loudest
crowd ,	777195	crowd ,
pride	4797865	pride
wings .	475077	wings .
owed	1830581	owed
reminding	819957	reminding
capable	8807187	capable
was .	4991673	was .
bleeped	5476	bleeped
oblivion	450174	oblivion
belonged .	173182	belonged .
Roswell	132501	roswell
UFO	261836	ufo
Incident	368942	incident
alleged	3370226	alleged
recovery	6416061	recovery
extra - terrestrial	11044	extra - terrestrial
terrestrial	1057599	terrestrial
debris ,	173959	debris ,
debris	1484718	debris
alien	2807606	alien
corpses ,	77043	corpses ,
corpses	543488	corpses
object	25819446	object
crashed	751482	crashed
Roswell ,	29710	roswell ,
Mexico ,	2421596	mexico ,
Mexico	10951300	mexico
July	18277074	july
eighth ,	72194	eighth ,
eighth	1871957	eighth
nineteen	1192019	nineteen
forty - seven .	9460	forty - seven .
forty - seven	152521	forty - seven
forty	6900914	forty
seven	14902531	seven
seventies ,	216735	seventies ,
seventies	690564	seventies
subject	36611667	subject
intense	5410331	intense
controversy	3293733	controversy
conspiracy	1611982	conspiracy
theories	8195005	theories
nature	43505346	nature
crashed .	53491	crashed .
United	54810382	united
States	51806313	states
military	24266208	military
maintains	2367582	maintains
recovered	3191950	recovered
experimental	7782812	experimental
high - altitude	78769	high - altitude
altitude	1469111	altitude
surveillance	1819934	surveillance
balloon	1308189	balloon
classified	3872694	classified
program	33194314	program
' Mogul ' .	0	' mogul ' .
Mogul	92922	mogul
proponents	893203	proponents
maintain	12314211	maintain
fact ,	18250560	fact ,
craft	2700090	craft
bodies	11262304	bodies
recovered ,	257172	recovered ,
engaged	7793318	engaged
cover - up .	26722	cover - up .
cover - up	125636	cover - up
widely	9397908	widely
pop	2355356	pop
culture	29727119	culture
phenomenon ,	825479	phenomenon ,
phenomenon	6733400	phenomenon
synonymous	872420	synonymous
UFOs .	15994	ufos .
UFOs	114752	ufos
ranks	2997609	ranks
publicized	537211	publicized
controversial	2695317	controversial
incidents .	190875	incidents .
incidents	2260294	incidents
ninth ,	64639	ninth ,
ninth	1375227	ninth
forty - seven ,	13409	forty - seven ,
press	13390537	press
release	9663152	release
Army	8591041	army
issued	7478938	issued
stated	11391022	stated
personnel	6648831	personnel
field 's	87539	field 's
Bomb	315135	bomb
Group	11160043	group
' flying	24012	' flying
disc '	3654	disc '
disc	1903814	disc
ranch	1363145	ranch
sparking	109172	sparking
media	15729852	media
interest .	3823545	interest .
interest	43819697	interest
Commanding	207348	commanding
General	24695243	general
Force	4823146	force
personnel ,	835839	personnel ,
rather	55879237	rather
saucer ' .	136	saucer ' .
saucer	268955	saucer
subsequent	9257747	subsequent
conference	6698327	conference
featuring	979031	featuring
description .	766115	description .
description	12722779	description
forgotten	4692028	forgotten
ignored ,	370513	ignored ,
ignored	4524248	ignored
researchers ,	519939	researchers ,
researchers	6315379	researchers
thirty	10504687	thirty
years .	16500442	years .
seventy - eight ,	7025	seventy - eight ,
seventy - eight	71929	seventy - eight
seventy	2497211	seventy
eight	14288445	eight
nuclear	8685357	nuclear
physicist	545764	physicist
author	17424357	author
Stanton	747435	stanton
Friedman	1242691	friedman
interviewed	2150845	interviewed
Jesse	1260434	jesse
Marcel ,	100237	marcel ,
Marcel	913135	marcel
accompanied	6335492	accompanied
Fort	4331192	fort
Worth .	53321	worth .
years ,	16591858	years ,
accounts	10277652	accounts
elevated	3118209	elevated
perhaps	27788792	perhaps
early	54812804	early
nineties ,	96262	nineties ,
nineties	317770	nineties
hundred	16818524	hundred
had ,	3114078	had ,
claimed	8138532	claimed
connection	13490410	connection
events	23608189	events
Additionally ,	1867486	additionally ,
Additionally	1970176	additionally
documents	9219329	documents
obtained	17042186	obtained
Freedom	2877633	freedom
Information	10601544	information
Act	23543949	act
requests ,	278186	requests ,
requests	3288428	requests
insiders	379409	insiders
apparently	8551823	apparently
leaked .	14903	leaked .
leaked	320615	leaked
conclusions	4765162	conclusions
vicinity ,	138654	vicinity ,
vicinity	1638262	vicinity
aliens ,	132331	aliens ,
aliens	932099	aliens
possibly	8857661	possibly
alive ,	1207298	alive ,
alive	6843173	alive
massive	5003859	massive
knowledge	40687619	knowledge
place .	9930931	place .
Numerous	889828	numerous
books ,	3728364	books ,
articles ,	940060	articles ,
articles	7847267	articles
television	10312204	television
specials	181588	specials
made - for - TV	15306	made - for - tv
TV	6812517	tv
movie	5394391	movie
notoriety ,	40681	notoriety ,
notoriety	288987	notoriety
mid	9851397	mid
strong	28509360	strong
majorities	304404	majorities
polls ,	156516	polls ,
polls	953032	polls
ninety - seven	37013	ninety - seven
ninety	1517920	ninety
CNN	468768	cnn
poll ,	113898	poll ,
poll	1064037	poll
visited	5518719	visited
specifically	8183969	specifically
landed	2752089	landed
government	59840428	government
covering	4357427	covering
fact .	1595138	fact .
eighties	556701	eighties
narrative	8853574	narrative
emerged	5866040	emerged
odds	2284178	odds
evolved	3236807	evolved
published	21084592	published
eighty ,	58608	eighty ,
eighty	1915570	eighty
witnesses	3142323	witnesses
emerged ,	367747	emerged ,
drawn	11256498	drawn
publicity	1954005	publicity
incident .	538405	incident .
various	37597647	various
interviewed ,	151745	interviewed ,
seemingly	3029921	seemingly
impressive	2893002	impressive
figure ,	1651100	figure ,
comparable	3778147	comparable
' witnesses '	2403	' witnesses '
aliens .	110495	aliens .
so - called	5143540	so - called
repeating	1532001	repeating
claims	12835191	claims
others ,	8964505	others ,
testimony	4681325	testimony
inadmissible	252193	inadmissible
hearsay	443958	hearsay
American	77574577	american
court .	2232416	court .
court	28250928	court
critics	4777049	critics
identified	14492759	identified
variety	16891037	variety
problems	42582185	problems
ranged	1386724	ranged
reliability	3052171	reliability
second - hand	201354	second - hand
accounts ,	1155320	accounts ,
serious	16553118	serious
credibility	1901995	credibility
demonstrably	169759	demonstrably
false	8965826	false
internally - inconsistent	0	internally - inconsistent
internally	1305252	internally
inconsistent	1965409	inconsistent
claims ,	1115998	claims ,
dubious	868864	dubious
death - bed	54187	death - bed
death	39396434	death
' confessions '	2805	' confessions '
confessions	450811	confessions
elderly	4691520	elderly
easily	17543865	easily
confused	3857034	confused
witnesses .	365413	witnesses .
basic	22140233	basic
witness	6045941	witness
according	23748845	according
critics ,	614424	critics ,
minimum	9813077	minimum
thirty - one	246868	thirty - one
question ,	4499101	question ,
cases	38551029	cases
recounted	685976	recounted
memories	4520369	memories
reliability ,	360659	reliability ,
contamination	1718540	contamination
may	231873651	may
exposed	6899661	exposed
to .	5836294	to .
skeptics	177372	skeptics
objections	1844270	objections
plausibility	319008	plausibility
counter - argument	26349	counter - argument
counter	6222502	counter
argument	15548999	argument
presence	21692148	presence
publicized .	27306	publicized .
Accounting	1871888	accounting
launched	3287918	launched
inquiry	4046605	inquiry
directed	9211710	directed
Secretary	6886403	secretary
conduct	10879535	conduct
internal	15832625	internal
investigation .	1186507	investigation .
investigation	7528688	investigation
result	45374035	result
summarized	2331694	summarized
reports .	917510	reports .
reports	12649584	reports
released	6391624	released
ninety - five ,	5306	ninety - five ,
ninety - five	90506	ninety - five
five	39207935	five
concluded	7036244	concluded
material	30705891	material
likely	31832191	likely
Project	6571982	project
Mogul ,	11407	mogul ,
balloons	406299	balloons
meant	15115492	meant
detect	3120683	detect
generated	8249792	generated
Soviet	14092223	soviet
atomic	2858556	atomic
tests	11483917	tests
ballistic	355028	ballistic
missiles .	169399	missiles .
missiles	1200122	missiles
report ,	2256272	report ,
report	23570328	report
ninety - seven ,	2683	ninety - seven ,
combination	10668310	combination
innocently	279778	innocently
transformed	4500110	transformed
accidents	1947982	accidents
injured	2922811	injured
anthropomorphic	182601	anthropomorphic
dummies	156887	dummies
programs	20360974	programs
conducted	8944308	conducted
fifties ,	220966	fifties ,
fifties	716814	fifties
hoaxes	33648	hoaxes
perpetrated .	16790	perpetrated .
perpetrated	419028	perpetrated
psychological	8707142	psychological
effects	32198969	effects
compression	2811014	compression
occurred	11504759	occurred
explained	12566891	explained
discrepancy	992447	discrepancy
question .	4836539	question .
January	16220794	january
Karl	2749584	karl
Pflock ,	428	pflock ,
Pflock	1263	pflock
prominent	5650674	prominent
pro - UFO	220	pro - ufo
pro	4403380	pro
' Based	13724	' based
Based	4848367	based
research	44020920	research
certain	43746770	certain
possible	57560669	possible
absolute	8009591	absolute
proof ,	468766	proof ,
saucers	131798	saucers
Plains	1061092	plains
San	13788000	san
Agustin	95773	agustin
forty - seven . '	86	forty - seven . '
remains	16274457	remains
earthly ,	34360	earthly ,
earthly	1442442	earthly
Mogul . '	65	mogul . '
Although	34293908	although
conclusion ,	1217798	conclusion ,
conclusion	9296067	conclusion
Fourth	3129893	fourth
weekend ,	352248	weekend ,
weekend	2489138	weekend
hosts	1804151	hosts
Festival	1503065	festival
celebrating	796033	celebrating
UFO ,	9548	ufo ,
UFOlogists	1746	ufologists
discussions .	456838	discussions .
discussions	5430402	discussions
Tulip	66181	tulip
mania	458023	mania
period	46472774	period
Dutch	5482640	dutch
Age	7241100	age
contract	13888850	contract
prices	11346145	prices
bulbs	585748	bulbs
recently	11702311	recently
introduced	12941807	introduced
extraordinarily	777329	extraordinarily
levels	27247134	levels
collapsed .	262450	collapsed .
collapsed	1678325	collapsed
peak	5622753	peak
February	13102292	february
sixteen	2533345	sixteen
thirty - seven ,	20534	thirty - seven ,
thirty - seven	233364	thirty - seven
contracts	5247575	contracts
annual	10029078	annual
income	24966740	income
skilled	3094020	skilled
craftsman .	32431	craftsman .
craftsman	272784	craftsman
considered	32202519	considered
recorded	8986854	recorded
economic	44242546	economic
bubble .	90831	bubble .
bubble	1273305	bubble
tulip ,	13649	tulip ,
Europe	22628420	europe
sixteenth	2124550	sixteenth
century	42601730	century
Ottoman	1673536	ottoman
Empire ,	1057353	empire ,
Empire	5018515	empire
Provinces ,	103202	provinces ,
Provinces	508113	provinces
Netherlands .	622446	netherlands .
Netherlands	3792211	netherlands
cultivation	2342402	cultivation
earnest	1460895	earnest
fifteen	5611227	fifteen
ninety - three ,	4207	ninety - three ,
ninety - three	45012	ninety - three
Flemish	424825	flemish
botanist	172175	botanist
Charles	14871871	charles
l'Ecluse	0	l'ecluse
post	15719371	post
University	67931680	university
Leiden	841040	leiden
established	24167734	established
botanical	395559	botanical
garden ,	1276066	garden ,
garden	7558249	garden
oldest	2682488	oldest
planted	2442760	planted
collection	13163156	collection
Emperor 's	226486	emperor 's
Emperor	2888008	emperor
ambassador	1273218	ambassador
sent	21109114	sent
Turkey ,	661954	turkey ,
Turkey	3070631	turkey
tolerate	1437942	tolerate
harsher	211491	harsher
conditions	35531542	conditions
northern	7347097	northern
climate .	530570	climate .
climate	5928810	climate
shortly	3500842	shortly
tulips	135025	tulips
popularity .	262098	popularity .
popularity	2530366	popularity
flower	3495072	flower
rapidly	8534482	rapidly
coveted	349403	coveted
luxury	1972412	luxury
item	7431579	item
status	21483011	status
symbol ,	436232	symbol ,
profusion	317960	profusion
varieties	2601452	varieties
followed .	1215307	followed .
groups :	577297	groups :
groups	39349366	groups
one - colored	216	one - colored
colored	3638315	colored
red ,	1557862	red ,
yellow ,	739581	yellow ,
yellow	7043215	yellow
Couleren ,	0	couleren ,
Couleren	0	couleren
multicolored	126337	multicolored
Rosen	688459	rosen
( red	242396	( red
(	1632386106	(
pink	3093807	pink
background ) ,	14370	background ) ,
background	11241036	background
)	1646465753	)
Violetten	75	violetten
( purple	20315	( purple
purple	2069060	purple
lilac	185440	lilac
lesser	3073483	lesser
extent ,	2076301	extent ,
extent	18293383	extent
Bizarden	0	bizarden
( red ,	30089	( red ,
background )	78231	background )
popular .	510875	popular .
spectacular	1654557	spectacular
highly	17644939	highly
sought - after	96266	sought - after
sought	10466942	sought
flowers	6659621	flowers
vivid	1761625	vivid
colors ,	807485	colors ,
colors	4789634	colors
lines ,	2707281	lines ,
lines	22517508	lines
petals ,	91938	petals ,
petals	625141	petals
result ,	6017253	result ,
understood ,	1073470	understood ,
infected	2850883	infected
tulip - specific	0	tulip - specific
specific	38848436	specific
virus	4900008	virus
' Tulip	744	' tulip
virus ' .	896	virus ' .
growers	568212	growers
exalted	788626	exalted
titles .	304319	titles .
titles	3360521	titles
forms	27463164	forms
prefixed	141564	prefixed
' admiral ' ,	51	' admiral ' ,
admiral	480886	admiral
combined	9485910	combined
growers '	22739	growers '
names .	1356162	names .
names	14771585	names
' General '	5406	' general '
prefix	704422	prefix
varieties .	252421	varieties .
superb	939505	superb
names ,	1796066	names ,
' Admiral	6050	' admiral
Admirals '	1338	admirals '
Admirals	36839	admirals
' General	87520	' general
Generals ' .	174	generals ' .
Generals	281641	generals
similar	35543195	similar
' broken '	6463	' broken '
broken	9395520	broken
continue	17083687	continue
trade .	2040643	trade .
trade	26244446	trade
bulbs ,	99669	bulbs ,
propagated	508873	propagated
seeds	3806247	seeds
buds .	78672	buds .
buds	653126	buds
form	68619504	form
flowering	1005504	flowering
bulb	920990	bulb
seven - twelve	188	seven - twelve
twelve	6676403	twelve
grows	2907217	grows
flower ,	365652	flower ,
original	22804125	original
clone	517684	clone
Properly	159761	properly
cultivated ,	134294	cultivated ,
cultivated	2025870	cultivated
breaking '	7813	breaking '
virus ,	459703	virus ,
botanists	102383	botanists
studied ,	521639	studied ,
studied	10141743	studied
spreads	924662	spreads
buds ,	91276	buds ,
seeds ,	555472	seeds ,
cultivating	512197	cultivating
appealing	1639845	appealing
takes	19816257	takes
Propagation	296329	propagation
greatly	7110695	greatly
slowed	1237600	slowed
virus .	470014	virus .
bloom	904812	bloom
April	17677275	april
week ,	2903167	week ,
week	18433072	week
secondary	10003804	secondary
appear	22235113	appear
thereafter .	467633	thereafter .
uprooted	222841	uprooted
June	20075593	june
September ,	1435198	september ,
September	16292384	september
thus	34621166	thus
purchases	1966349	purchases
months .	3645958	months .
popularity ,	249788	popularity ,
professional	15752421	professional
paid	17418963	paid
thirty - four ,	24059	thirty - four ,
thirty - four	261825	thirty - four
demand	16692877	demand
French ,	1966855	french ,
French	26321301	french
speculators	287862	speculators
enter	11772759	enter
market .	4382018	market .
market	38330651	market
thirty - six ,	26630	thirty - six ,
thirty - six	408617	thirty - six
six	25700421	six
type	42273715	type
formal	11940654	formal
futures	1247862	futures
markets ,	1769776	markets ,
markets	10259741	markets
merchants	2625721	merchants
sell	8220156	sell
season .	1682692	season .
season	8243351	season
Traders	191586	traders
met	18391232	met
taverns	186848	taverns
buyers	1815579	buyers
required	34833403	required
pay	22850702	pay
fee	4461757	fee
per	49354567	per
purchasing	2254914	purchasing
prices ,	1358956	prices ,
intending	628029	intending
re - sell	4864	re - sell
re	15446238	re
profit .	847650	profit .
profit	8308084	profit
scheme	7912043	scheme
unless	13150478	unless
ultimately	6805000	ultimately
willing	9182351	willing
possession	5661689	possession
bulbs .	74592	bulbs .
increasingly	9891935	increasingly
inflated	587352	inflated
realization	2808285	realization
in ,	17167992	in ,
collapsed ,	214379	collapsed ,
plummeted .	34326	plummeted .
plummeted	177618	plummeted
speculative	1248199	speculative
holding	11695702	holding
purchase	7936281	purchase
greater	28854831	greater
market ,	3320835	market ,
fraction	4070260	fraction
price	23826559	price
paid .	687204	paid .
event	18031349	event
popularized	299230	popularized
eighteen	2726135	eighteen
forty - one	152603	forty - one
' Extraordinary	4140	' extraordinary
Extraordinary	251365	extraordinary
Delusions	57729	delusions
Madness	251550	madness
Crowds ' ,	101	crowds ' ,
Crowds	101873	crowds
British	31315885	british
journalist	1655119	journalist
Mackay	267095	mackay
wrote .	578529	wrote .
behave	2427720	behave
irrationally	75659	irrationally
thesis	4448656	thesis
primary	20241884	primary
examples .	1133137	examples .
examples	14717202	examples
Mackay ,	92583	mackay ,
acres	2916394	acres
offered	15628242	offered
Semper	54537	semper
Augustus	1031445	augustus
bulb .	111781	bulb .
investors	3940338	investors
ruined	1413263	ruined
desperate ,	178332	desperate ,
desperate	2624557	desperate
commerce	3795043	commerce
suffered	6386210	suffered
severe	9854989	severe
shock .	774232	shock .
shock	5647886	shock
Mackay 's	12784	mackay 's
account ,	2188532	account ,
panicked	321153	panicked
Netherlands ,	871575	netherlands ,
declaring	1265755	declaring
bought	6604892	bought
future	33430803	future
void	3395020	void
payment	8039886	payment
percent	36620745	percent
fee .	541467	fee .
Attempts	547677	attempts
resolve	3938896	resolve
satisfaction	6080985	satisfaction
parties	16917662	parties
unsuccessful .	210877	unsuccessful .
unsuccessful	1432650	unsuccessful
ended ,	809114	ended ,
says ,	6773312	says ,
says	29310842	says
individuals	22589212	individuals
stuck	3480952	stuck
crash .	267160	crash .
crash	1865394	crash
enforce	2141850	enforce
contract ,	1517271	contract ,
judges	3974830	judges
regarded	9025301	regarded
debts	2062996	debts
contracted	1353401	contracted
gambling ,	240695	gambling ,
gambling	1406032	gambling
enforceable	503690	enforceable
law .	6595652	law .
law	54997976	law
classic	4407368	classic
publishing	2999148	publishing
houses	9878238	houses
reprinting	86198	reprinting
today ,	3930220	today ,
contested .	98503	contested .
contested	1118727	contested
modern	23333779	modern
scholars	6373667	scholars
believe	30594846	believe
described ,	1022073	described ,
described	29601923	described
arguing	2514179	arguing
changes	37311795	changes
constituted	3442050	constituted
difficult	29966493	difficult
limited	22223315	limited
data	67806624	data
thirties .	140872	thirties .
thirties	762166	thirties
economists	1823948	economists
proposed	14002097	proposed
rational	6216696	rational
explanations ,	286065	explanations ,
explanations	3209381	explanations
mania ,	83223	mania ,
rise	14948927	rise
prices .	1528669	prices .
example ,	53161656	example ,
example	83682611	example
flowers ,	1278247	flowers ,
hyacinth ,	13312	hyacinth ,
hyacinth	70512	hyacinth
flower 's	17073	flower 's
introduction ,	625096	introduction ,
introduction	8578633	introduction
dramatically .	406147	dramatically .
dramatically	2857005	dramatically
driven	7179813	driven
expectations	6791104	expectations
parliamentary	1989317	parliamentary
decree	1666986	decree
voided	96377	voided
cost ,	1570119	cost ,
cost	31212232	cost
lowering	1478916	lowering
risk	28582434	risk
buyers .	218389	buyers .
Despite	8358374	despite
disagreements	663187	disagreements
whether	49005576	whether
technically	1287627	technically
bubble ,	89185	bubble ,
term	39384540	term
mania '	6197	mania '
metaphorically	323731	metaphorically
refer	8430029	refer
asset	3996781	asset
deviate	415371	deviate
intrinsic	2646700	intrinsic
values .	3615510	values .
values	33608259	values
Tourette 's	67892	tourette 's
Tourette	135722	tourette
syndrome ,	1355972	syndrome ,
syndrome	6842877	syndrome
neurological	964901	neurological
disorder	6963580	disorder
characterized	7084259	characterized
repetitive ,	92563	repetitive ,
repetitive	1037607	repetitive
involuntary	973945	involuntary
movements ,	1344368	movements ,
movements	9613806	movements
Dr.	15950051	dr.
Georges	868195	georges
Gilles	301525	gilles
la	25309478	la
Tourette ,	3686	tourette ,
pioneering	801153	pioneering
neurologist	140358	neurologist
eighty - six - year - old	172212	eighty - six - year - old
noblewoman .	3579	noblewoman .
noblewoman	35955	noblewoman
childhood	6646302	childhood
symptoms	9935013	symptoms
noticed ,	427783	noticed ,
average	20942483	average
onset	3409206	onset
between	169905876	between
ages	5047770	ages
estimated	8552136	estimated
Americans	15038710	americans
Tourette 's ,	1214	tourette 's ,
exhibit	3681750	exhibit
milder	313932	milder
less	66492927	less
complex	23142510	complex
include	35320768	include
chronic	6072599	chronic
motor	6581690	motor
vocal	1919886	vocal
tics	158923	tics
transient	1784490	transient
childhood .	900262	childhood .
majority	14796835	majority
diagnosed	1653583	diagnosed
disorder ,	1188139	disorder ,
lifetime .	689348	lifetime .
lifetime	3608822	lifetime
whose	34769707	whose
peaks	1988791	peaks
teens ,	198432	teens ,
teens	1114308	teens
improvement	7640531	improvement
occurring	3894946	occurring
continuing	5882111	continuing
adulthood .	404417	adulthood .
adulthood	1240638	adulthood
approximately	9303872	approximately
affected	11155698	affected
progressive	4230006	progressive
disabling	352299	disabling
course	51745541	course
lasts	887350	lasts
uncommon	1769394	uncommon
extended	10761527	extended
diagnosis	7071535	diagnosis
obtained .	1124216	obtained .
reasons	17716057	reasons
families	16497146	families
physicians	3426141	physicians
unfamiliar	1462076	unfamiliar
mild	3201166	mild
moderate	4397119	moderate
tic	224142	tic
inconsequential ,	27608	inconsequential ,
inconsequential	234580	inconsequential
developmental	4024232	developmental
phase ,	1647588	phase ,
phase	17236843	phase
condition .	2499358	condition .
blinking	429000	blinking
vision	11960467	vision
sniffing	274736	sniffing
seasonal	1802832	seasonal
allergies .	73776	allergies .
allergies	411233	allergies
patients	32440708	patients
self - diagnosed	2094	self - diagnosed
they ,	1091039	they ,
parents ,	3346484	parents ,
relatives ,	663675	relatives ,
relatives	3991902	relatives
read	32124152	read
either	45955645	either
complex .	1560785	complex .
sudden ,	503166	sudden ,
brief ,	805478	brief ,
brief	9517789	brief
involve	7204223	involve
muscle	8663633	muscle
groups .	5091242	groups .
common	45510679	common
blinking ,	47327	blinking ,
facial	2210934	facial
grimacing ,	16508	grimacing ,
grimacing	78917	grimacing
shoulder	7422452	shoulder
shrugging ,	7885	shrugging ,
shrugging	113148	shrugging
jerking .	4793	jerking .
jerking	204416	jerking
vocalizations ,	17068	vocalizations ,
vocalizations	102964	vocalizations
typically	9176882	typically
precede ,	16603	precede ,
precede	650756	precede
throat - clearing ,	828	throat - clearing ,
throat - clearing	4676	throat - clearing
throat	4424421	throat
clearing	1958952	clearing
sniffing ,	22625	sniffing ,
grunting	122214	grunting
sounds .	612034	sounds .
sounds	7477375	sounds
distinct ,	329449	distinct ,
distinct	8688807	distinct
coordinated	1476982	coordinated
patterns	13989300	patterns
movement	26884278	movement
twist	1340156	twist
shrug .	149389	shrug .
shrug	437362	shrug
purposeful ,	52548	purposeful ,
purposeful	503498	purposeful
touching	2396270	touching
objects ,	2254257	objects ,
objects	16712258	objects
hopping ,	32264	hopping ,
jumping ,	91367	jumping ,
jumping	1273153	jumping
bending ,	98756	bending ,
bending	1734474	bending
twisting .	20882	twisting .
twisting	765376	twisting
phrases .	256950	phrases .
phrases	2718090	phrases
dramatic	6068148	dramatic
self - harm	51182	self - harm
harm	5256339	harm
punching	259834	punching
oneself	2359059	oneself
coprolalia ,	1020	coprolalia ,
coprolalia	4685	coprolalia
involves	9749250	involves
uttering	322763	uttering
swear	1286120	swear
words ,	12798866	words ,
echolalia ,	5116	echolalia ,
echolalia	19075	echolalia
anxiety	6847115	anxiety
calm ,	715474	calm ,
focused	8093758	focused
activities .	4593217	activities .
activities	28737684	activities
physical	27907212	physical
experiences	12932100	experiences
trigger	2343925	trigger
worsen	290893	worsen
tics .	20375	tics .
collars	269113	collars
neck	8055934	neck
tics ,	31498	tics ,
hearing	8699831	hearing
sniff	240246	sniff
throat - clear	58	throat - clear
production	33961953	production
time ,	37113613	time ,
varying	4207604	varying
type ,	2395140	type ,
frequency ,	888451	frequency ,
frequency	12691327	frequency
location ,	1448262	location ,
location	12591138	location
severity .	173690	severity .
experience	43388158	experience
occur	17914283	occur
area ,	5327547	area ,
area	48310654	area
progress	12679934	progress
muscles	5042961	muscles
trunk	2385344	trunk
extremities .	138429	extremities .
extremities	672729	extremities
involuntary ,	60051	involuntary ,
sometimes	26236599	sometimes
suppress ,	30358	suppress ,
suppress	1374044	suppress
camouflage ,	35207	camouflage ,
camouflage	350560	camouflage
otherwise	13478788	otherwise
manage	5938517	manage
minimize	2618420	minimize
impact	18404514	impact
functioning .	545021	functioning .
functioning	4371222	functioning
substantial	8740002	substantial
buildup	475319	buildup
tension	6255605	tension
suppressing	475844	suppressing
expressed .	324854	expressed .
expressed	14200038	expressed
environmental	14589692	environmental
voluntary	3706360	voluntary
not .	13286315	not .
additional	17480447	additional
neurobehavioral	43009	neurobehavioral
inattention ,	36997	inattention ,
inattention	182472	inattention
hyperactivity	348828	hyperactivity
impulsivity .	15022	impulsivity .
impulsivity	126619	impulsivity
depression	6794796	depression
disorders ,	1277722	disorders ,
disorders	6663560	disorders
difficulties	8064589	difficulties
directly	21473786	directly
cause .	1796650	cause .
cause	30784148	cause
doctors	4437051	doctors
verifying	332744	verifying
patient	26917580	patient
year .	10188075	year .
existence	16608192	existence
psychiatric	2253531	psychiatric
establish	10794353	establish
correct	13073361	correct
Knowledgeable	28654	knowledgeable
clinicians	916464	clinicians
consulted	1505383	consulted
misdiagnose	4813	misdiagnose
atypical	639167	atypical
presentation	6601700	presentation
require	16766137	require
specialty	1197126	specialty
expertise	3645505	expertise
diagnosis .	833702	diagnosis .
blood	28036740	blood
laboratory	5381003	laboratory
neuroimaging	112651	neuroimaging
studies ,	3663346	studies ,
studies	31706820	studies
magnetic	5453796	magnetic
resonance	2173055	resonance
imaging ,	282510	imaging ,
imaging	3309980	imaging
computerized	742102	computerized
tomography ,	71695	tomography ,
tomography	785175	tomography
electroencephalograms ,	1263	electroencephalograms ,
electroencephalograms	7980	electroencephalograms
lab	1750462	lab
with .	3406697	with .
terms	42771039	terms
role	40882681	role
genes	5345323	genes
evidence	34374951	evidence
twin	2042436	twin
suggests	13884867	suggests
inherited	2707590	inherited
disorder .	1279139	disorder .
autosomal	350334	autosomal
dominant	7853052	dominant
mode	10964783	mode
inheritance	2551711	inheritance
recent	19718055	recent
pattern	16762731	pattern
effects ,	2250454	effects ,
smaller	12341270	smaller
factors	25057224	factors
development	59678974	development
Tourette 's .	1423	tourette 's .
Genetic	1362196	genetic
suggest	14130457	suggest
Attention	813466	attention
Deficit	250805	deficit
Obsessive	98879	obsessive
Compulsive	89300	compulsive
genetically	1011585	genetically
relationship	33122694	relationship
commonly	8554298	commonly
co - occurs	9639	co - occurs
co	10639209	co
occurs	13654025	occurs
gene	7687339	gene
sex	14316212	sex
person .	4058276	person .
particular ,	5750734	particular ,
particular	45358301	particular
males	4814665	males
females	4184991	females
predisposition	399370	predisposition
obsessive - compulsive	161252	obsessive - compulsive
symptoms .	1193811	symptoms .
current	30595808	current
aimed	4404246	aimed
understanding	25680525	understanding
basis	27563419	basis
symptomology	12058	symptomology
disorders .	1263843	disorders .
hope	18868214	hope
leads	10129834	leads
diagnostic	3176470	diagnostic
tools	10121943	tools
treatments	3207800	treatments
