word_x	mean_RT	word_length	word_lower	word_y	frequency
A	364.203125	1	a	a	3213754375
Abby	342.9594651065608	4	abby	Abby	596695
About	356.6914893617021	5	about	about	265782619
According	321.5657894736842	9	according	according	23748845
Accounting	340.88732394366195	10	accounting	Accounting	1871888
Act	354.41333333333336	3	act	Act	23543949
Age	396.2641509433962	3	age	Age	7241100
Agustin	394.4366197183099	7	agustin	Agustin	95773
Air	351.3095238095238	3	air	air	31277584
All	332.4263565891473	3	all	all	374139462
Almost	329.67058823529413	6	almost	Almost	2698955
Although	351.2410071942446	8	although	Although	34293908
American	334.35714285714283	8	american	American	77574577
Americans	432.93150684931504	9	americans	Americans	15038710
An	322.3	2	an	an	576832090
And	325.40793201133147	3	and	and	4873010095
April	393.38961038961037	5	april	April	17677275
Aqua	345.58576642335765	4	aqua	Aqua	93158
Army	349.0748299319728	4	army	Army	8591041
Around	354.2470588235294	6	around	around	66671286
As	331.271375464684	2	as	as	1139819594
At	363.3922558922559	2	at	at	654432238
Attempts	383.48	8	attempts	Attempts	547677
Attention	351.6376811594203	9	attention	Attention	813466
Augustus	455.9868421052632	8	augustus	Augustus	1031445
Back	328.54597701149424	4	back	back	107859495
Before	313.91358024691357	6	before	before	114226587
Bizarden	468.82278481012656	8	bizarden	Bizarden	0
Bomb	437.7972972972973	4	bomb	Bomb	315135
Bradford	360.24455611390283	8	bradford	Bradford	737565
British	329.90909090909093	7	british	British	31315885
Brown	344.59574468085106	5	brown	Brown	9564348
Bulbs	373.7763157894737	5	bulbs	bulbs	585748
Buster	333.96791443850265	6	buster	Buster	233013
But	344.6036585365854	3	but	but	422070748
By	372.47852760736197	2	by	by	877228367
CNN	433.43243243243245	3	cnn	CNN	468768
Can	316.1170212765957	3	can	can	416290431
Certain	359.77777777777777	7	certain	certain	43746770
Charles	388.8322580645161	7	charles	Charles	14871871
Children	430.0	8	children	Children	8802055
City	353.72727272727275	4	city	city	32761553
Commanding	410.6666666666667	10	commanding	Commanding	207348
Complex	384.05555555555554	7	complex	complex	23142510
Compulsive	341.0144927536232	10	compulsive	Compulsive	89300
Could	377.24418604651163	5	could	could	205904563
Crest	381.24418604651163	5	crest	Crest	154346
Deficit	386.7826086956522	7	deficit	Deficit	250805
Delusions	400.15384615384613	9	delusions	Delusions	57729
Despite	337.5405405405405	7	despite	Despite	8358374
Disorder	362.1231884057971	8	disorder	disorder	6963580
Do	367.1630434782609	2	do	do	256960172
Down	333.0444444444444	4	down	down	98751710
Dr.	427.125	3	dr.	Dr.	15950051
During	339.820987654321	6	during	During	17869601
Dutch	349.79179810725554	5	dutch	Dutch	5482640
Eighth	377.8378378378378	6	eighth	eighth	1871957
Elvis	338.7070588235294	5	elvis	Elvis	650069
Eugene	671.0	6	eugene	Eugene	1514603
Europe	358.60759493670884	6	europe	Europe	22628420
Even	360.7696629213483	4	even	Even	24724315
February	423.44871794871796	8	february	February	13102292
Festival	339.3098591549296	8	festival	Festival	1503065
Field	376.08843537414964	5	field	field	35280381
Flemish	455.9493670886076	7	flemish	Flemish	424825
Florida	447.9157894736842	7	florida	Florida	5211391
For	328.8489583333333	3	for	for	1388290219
Force	332.75	5	force	Force	4823146
Fort	424.05333333333334	4	fort	Fort	4331192
Fourth	370.1764705882353	6	fourth	Fourth	3129893
Freedom	351.24	7	freedom	Freedom	2877633
French	546.7291666666666	6	french	French	26321301
Friedman	412.44	8	friedman	Friedman	1242691
From	310.125	4	from	from	708532803
General	338.4932432432432	7	general	General	24695243
Genetic	346.6521739130435	7	genetic	Genetic	1362196
Georges	473.7638888888889	7	georges	Georges	868195
Gilles	470.25	6	gilles	Gilles	301525
Golden	370.6319018404908	6	golden	golden	4031891
Good	497.2173913043478	4	good	good	99518711
Group	358.0821917808219	5	group	Group	11160043
Hastened	344.04	8	hastened	Hastened	2541
He	343.22374100719423	2	he	He	239125461
Her	335.1433962264151	3	her	her	415597541
Higher	362.8611111111111	6	higher	Higher	2286590
His	367.39606741573033	3	his	his	632876249
House	313.496062992126	5	house	House	19438505
How	355.6133828996283	3	how	How	42231777
Hunt	461.6470588235294	4	hunt	Hunt	1641880
Hyperactivity	380.3970588235294	13	hyperactivity	hyperactivity	348828
I	323.96395276569297	1	i	I	926120510
If	352.7014925373134	2	if	If	123141271
In	327.29337094499294	2	in	in	3271087682
Incident	372.82894736842104	8	incident	Incident	368942
Information	357.93333333333334	11	information	Information	10601544
Inside	327.29347826086956	6	inside	Inside	2042827
Into	366.46629213483146	4	into	into	254637739
It	339.345690747782	2	it	It	278516683
January	357.59722222222223	7	january	January	16220794
Jesse	396.8767123287671	5	jesse	Jesse	1260434
Jill	300.7248322147651	4	jill	Jill	948278
Josephs	501.17721518987344	7	josephs	Josephs	34246
July	366.72685185185185	4	july	July	18277074
June	362.45569620253167	4	june	June	20075593
Karl	444.3382352941176	4	karl	Karl	2749584
Knowledgeable	409.5211267605634	13	knowledgeable	Knowledgeable	28654
Later	349.8456375838926	5	later	later	55784164
Leiden	382.1645569620253	6	leiden	Leiden	841040
Listening	338.2073170731707	9	listening	Listening	670303
Lord	304.35584137191853	4	lord	Lord	22162117
Lucy	341.0797903319744	4	lucy	Lucy	2248764
Mackay	361.11304347826086	6	mackay	Mackay	267095
Madness	338.46753246753246	7	madness	Madness	251550
Manor	309.3181818181818	5	manor	manor	448032
Many	340.4642857142857	4	many	many	138917121
May	338.2597402597403	3	may	may	231873651
Mom	331.2083333333333	3	mom	mom	2069091
Most	336.9066666666667	4	most	most	165240742
Mr.	338.17297297297296	3	mr.	Mr.	29597778
Much	357.27142857142854	4	much	much	116385957
My	333.0860215053763	2	my	my	230745730
New	379.08429118773944	3	new	New	115330984
No	356.40384615384613	2	no	no	236436100
North	365.4943820224719	5	north	North	24140988
Not	340.44444444444446	3	not	not	1006314753
November	335.9189189189189	8	november	November	14535630
Now	332.7738095238095	3	now	Now	27643142
Numerous	348.1232876712329	8	numerous	Numerous	889828
Obsessive	329.82608695652175	9	obsessive	Obsessive	98879
Of	329.3515151515152	2	of	of	6162371881
Office	326.9172413793103	6	office	office	24308787
On	333.6848484848485	2	on	on	993594775
Once	363.84615384615387	4	once	once	44407851
One	361.3843137254902	3	one	one	398913374
Other	335.28834355828224	5	other	other	281661595
Ottoman	423.94871794871796	7	ottoman	Ottoman	1673536
Over	362.0933333333333	4	over	over	162192656
Passersby	404.14285714285717	9	passersby	Passersby	7977
People	369.3783783783784	6	people	people	149869947
Perhaps	344.2083333333333	7	perhaps	perhaps	27788792
Plains	332.0285714285714	6	plains	Plains	1061092
Poor	342.9672131147541	4	poor	Poor	2991936
Popular	440.9342105263158	7	popular	popular	17347904
Presley	345.6736842105263	7	presley	Presley	256517
Project	370.1666666666667	7	project	Project	6571982
Propagation	405.45454545454544	11	propagation	Propagation	296329
Properly	448.14285714285717	8	properly	Properly	159761
Provinces	373.5	9	provinces	Provinces	508113
Rather	341.5405405405405	6	rather	rather	55879237
Research	377.2133333333333	8	research	research	44020920
Right	350.5421686746988	5	right	Right	6699265
Rosen	486.7922077922078	5	rosen	Rosen	688459
Roswell	342.1021052631579	7	roswell	Roswell	132501
Samaritan	469.2087912087912	9	samaritan	Samaritan	305307
San	338.2142857142857	3	san	San	13788000
Saturday	402.8804347826087	8	saturday	Saturday	4006925
Secret	316.87142857142857	6	secret	secret	8933332
Secretary	307.22535211267603	9	secretary	Secretary	6886403
Seeds	431.94736842105266	5	seeds	seeds	3806247
Seeing	314.91764705882355	6	seeing	Seeing	1191200
Semper	439.7631578947368	6	semper	Semper	54537
She	330.550641025641	3	she	she	278699382
Simple	415.73793103448276	6	simple	simple	25423655
Since	460.16	5	since	since	58545854
So	333.92255125284737	2	so	so	252284174
Some	326.56846473029043	4	some	Some	38265923
Soviet	322.67605633802816	6	soviet	Soviet	14092223
Stanton	416.90277777777777	7	stanton	Stanton	747435
States	390.0135135135135	6	states	States	51806313
Sticky	335.3109017496635	6	sticky	Sticky	63728
That	358.5868983957219	4	that	that	1746480437
The	350.50892716068887	3	the	the	9819942513
Their	369.2	5	their	their	438887121
Then	336.1293661060802	4	then	Then	39430787
There	353.4808917197452	5	there	there	243799443
These	358.76666666666665	5	these	these	212323984
They	343.80120481927713	4	they	they	418953705
This	366.3373134328358	4	this	this	599554050
Those	363.02150537634407	5	those	those	131352362
Though	375.76056338028167	6	though	though	52696046
Through	338.0	7	through	through	147254130
Tics	374.5473684210526	4	tics	tics	158923
Time	386.17808219178085	4	time	time	252986157
To	306.8247011952191	2	to	to	4223327232
Together	345.6043956043956	8	together	together	43957560
Top	319.46478873239437	3	top	top	26274935
Tough	468.5869565217391	5	tough	Tough	227647
Traders	377.78205128205127	7	traders	Traders	191586
Tucked	319.4024390243902	6	tucked	Tucked	43216
Tulip	511.0122699386503	5	tulip	Tulip	66181
Tulips	370.88961038961037	6	tulips	tulips	135025
UFO	369.1320754716981	3	ufo	UFO	261836
UFOlogists	403.7260273972603	10	ufologists	UFOlogists	1746
US	413.82608695652175	2	us	us	108913586
United	376.79399141630904	6	united	United	54810382
University	354.1375	10	university	University	67931680
Violetten	533.7051282051282	9	violetten	Violetten	75
We	304.2340425531915	2	we	we	340770885
When	361.07889546351083	4	when	when	249000060
Why	327.2967032967033	3	why	why	37439826
Within	321.56382978723406	6	within	Within	6298400
You	323.20703125	3	you	you	578117187
able	304.4884393063584	4	able	able	42495598
above	333.4078212290503	5	above	above	47783304
absolute	331.1857142857143	8	absolute	absolute	8009591
abusive	360.46666666666664	7	abusive	abusive	930149
accidents	399.2957746478873	9	accidents	accidents	1947982
accompanied	397.5	11	accompanied	accompanied	6335492
account	314.59119496855345	7	account	account	30598675
accounts	327.7292817679558	8	accounts	accounts	10277652
accumulated	335.7741935483871	11	accumulated	accumulated	2139868
ace	372.1931818181818	3	ace	ace	369113
achieve	309.05333333333334	7	achieve	achieve	11214067
achievement	294.26666666666665	11	achievement	achievement	5157662
acquiesced	427.010989010989	10	acquiesced	acquiesced	193970
acres	335.5128205128205	5	acres	acres	2916394
across	337.30324909747293	6	across	across	33682916
actual	378.22222222222223	6	actual	actual	16047083
actually	330.5940170940171	8	actually	actually	22550287
add	324.8780487804878	3	add	add	13812708
addition	326.6125	8	addition	addition	27829047
additional	417.76056338028167	10	additional	additional	17480447
admitted	318.42105263157896	8	admitted	admitted	5728725
adulthood	344.71830985915494	9	adulthood	adulthood	1240638
advance	318.9642857142857	7	advance	advance	8091306
affected	325.98604651162793	8	affected	affected	11155698
affording	383.61842105263156	9	affording	affording	271571
after	371.5804195804196	5	after	after	131123106
again	345.9114285714286	5	again	again	64543110
against	312.44736842105266	7	against	against	79033828
ages	375.027397260274	4	ages	ages	5047770
ago	316.5111111111111	3	ago	ago	15950013
agree	308.048275862069	5	agree	agree	9151314
aimed	316.62857142857143	5	aimed	aimed	4404246
alien	354.35593220338984	5	alien	alien	2807606
aliens	313.848623853211	6	aliens	aliens	932099
alleged	408.11333333333334	7	alleged	alleged	3370226
allowed	306.19642857142856	7	allowed	allowed	17955384
alone	326.4712643678161	5	alone	alone	24587884
along	337.8152173913044	5	along	along	41977332
already	315.51394422310756	7	already	already	40871799
also	316.7300131061599	4	also	also	248861077
altitude	350.0857142857143	8	altitude	altitude	1469111
always	336.71055900621116	6	always	always	61220587
am	322.1113892365457	2	am	am	41836698
ambassador	420.36708860759495	10	ambassador	ambassador	1273218
ambushed	313.4235294117647	8	ambushed	ambushed	138658
among	332.0469208211144	5	among	among	56872364
angrily	324.65909090909093	7	angrily	angrily	807887
angry	308.5903614457831	5	angry	angry	5736154
announced	339.72972972972974	9	announced	announced	5630117
annoyed	377.0568181818182	7	annoyed	annoyed	919081
annual	346.43589743589746	6	annual	annual	10029078
another	338.2460567823344	7	another	another	83344110
answer	323.20238095238096	6	answer	answer	23098124
answered	445.12	8	answered	answered	9012555
anthropomorphic	528.1739130434783	15	anthropomorphic	anthropomorphic	182601
anticipation	322.7945205479452	12	anticipation	anticipation	1466794
anxiety	365.4513888888889	7	anxiety	anxiety	6847115
any	327.6919431279621	3	any	any	178544323
anyone	356.6871165644172	6	anyone	anyone	14355821
anything	327.51063829787233	8	anything	anything	29918715
anytime	326.97872340425533	7	anytime	anytime	511912
apart	340.60869565217394	5	apart	apart	8514887
apparently	387.5466666666667	10	apparently	apparently	8551823
appealing	387.1168831168831	9	appealing	appealing	1639845
appear	361.25454545454545	6	appear	appear	22235113
appeared	322.4175824175824	8	appeared	appeared	16686293
applaud	313.75342465753425	7	applaud	applaud	229603
applause	283.35616438356163	8	applause	applause	805276
approached	400.5777777777778	10	approached	approached	4497245
approximately	391.45205479452056	13	approximately	approximately	9303872
apron	525.0978260869565	5	apron	apron	585076
are	333.8376664552949	3	are	are	817391287
argued	303.32	6	argued	argued	10881822
arguing	325.80263157894734	7	arguing	arguing	2514179
arms	328.42021276595744	4	arms	arms	15980830
arrived	352.34065934065933	7	arrived	arrived	12208049
arrows	356.7738095238095	6	arrows	arrows	1877184
art	342.28915662650604	3	art	art	24358486
ask	356.29347826086956	3	ask	ask	22058779
asked	339.14859437751005	5	asked	asked	46175331
asking	356.5444444444444	6	asking	asking	7941240
asleep	308.4157303370786	6	asleep	asleep	3203195
asset	328.0657894736842	5	asset	asset	3996781
assigned	324.64772727272725	8	assigned	assigned	7404078
assured	357.32876712328766	7	assured	assured	3714327
atomic	363.4714285714286	6	atomic	atomic	2858556
atypical	394.27464788732397	8	atypical	atypical	639167
audience	298.63758389261744	8	audience	audience	10967125
author	363.28	6	author	author	17424357
autosomal	507.92753623188406	9	autosomal	autosomal	350334
average	375.38028169014086	7	average	average	20942483
avoid	355.4673913043478	5	avoid	avoid	14527295
awaited	324.3333333333333	7	awaited	awaited	856594
away	309.32608695652175	4	away	away	56906743
backs	383.03846153846155	5	backs	backs	1537622
bad	355.873417721519	3	bad	bad	19213952
bade	342.89772727272725	4	bade	bade	451170
badly	317.5833333333333	5	badly	badly	3287455
bag	328.10227272727275	3	bag	bag	5370600
balance	348.4431818181818	7	balance	balance	14110170
bald	340.0851063829787	4	bald	bald	737288
ballistic	370.92857142857144	9	ballistic	ballistic	355028
balloon	362.9144144144144	7	balloon	balloon	1308189
balloons	329.3623188405797	8	balloons	balloons	406299
barber	323.50959488272923	6	barber	barber	394790
bare	416.6923076923077	4	bare	bare	3552320
basic	324.32394366197184	5	basic	basic	22140233
basis	304.6857142857143	5	basis	basis	27563419
be	326.5051490514905	2	be	be	964072174
beamed	379.34939759036143	6	beamed	beamed	404320
beaming	332.2814371257485	7	beaming	beaming	304264
beat	321.86033519553075	4	beat	beat	5158229
beautiful	333.94533029612757	9	beautiful	beautiful	12851183
beavers	359.7906976744186	7	beavers	beavers	102268
became	342.2828685258964	6	became	became	41999262
because	334.7316896301668	7	because	because	136741894
beckoning	361.52	9	beckoning	beckoning	169582
become	328.4078947368421	6	become	become	55719054
bed	321.577868852459	3	bed	bed	17264116
bedroom	312.4060606060606	7	bedroom	bedroom	3784939
been	322.49359658484525	4	been	been	310806848
began	308.81458333333336	5	began	began	38623128
beginning	341.29411764705884	9	beginning	beginning	23257497
behave	347.6666666666667	6	behave	behave	2427720
behind	318.2722891566265	6	behind	behind	28598426
being	322.322	5	being	being	117515747
believe	324.24	7	believe	believe	30594846
believed	317.10878661087867	8	believed	believed	14506062
belonged	350.4121621621622	8	belonged	belonged	3143797
belonging	307.28767123287673	9	belonging	belonging	3705244
below	330.4157303370786	5	below	below	25562587
beside	321.0246913580247	6	beside	beside	6485168
better	327.24810606060606	6	better	better	48996201
between	328.9148936170213	7	between	between	169905876
bewitching	368.494623655914	10	bewitching	bewitching	80041
bide	370.8313253012048	4	bide	bide	79091
big	321.613810741688	3	big	big	22941525
bigger	305.84705882352944	6	bigger	bigger	3025646
birches	335.4945054945055	7	birches	birches	59919
bird	333.5327399872854	4	bird	bird	4823924
birds	326.71604938271605	5	birds	birds	6361699
bit	308.9329268292683	3	bit	bit	15770554
bitter	307.95348837209303	6	bitter	bitter	3179269
black	373.4651162790698	5	black	black	34294950
blatantly	391.25274725274727	9	blatantly	blatantly	218878
bleeped	337.61842105263156	7	bleeped	bleeped	5476
blew	308.79347826086956	4	blew	blew	1613540
blinking	358.0416666666667	8	blinking	blinking	429000
blood	317.07042253521126	5	blood	blood	28036740
bloom	386.7763157894737	5	bloom	bloom	904812
blow	328.3626373626374	4	blow	blow	3983689
blue	350.9245810055866	4	blue	blue	13285921
boar	318.41284403669727	4	boar	boar	309920
board	324.1914893617021	5	board	board	13482309
bobbing	347.23030303030305	7	bobbing	bobbing	221230
bodies	350.67123287671234	6	bodies	bodies	11262304
bold	341.5988372093023	4	bold	bold	2562505
bones	365.86170212765956	5	bones	bones	4376162
book	343.57522123893807	4	book	book	49033521
books	315.0	5	books	books	20471356
bore	351.56470588235294	4	bore	bore	2751591
botanical	401.94871794871796	9	botanical	botanical	395559
botanist	451.3246753246753	8	botanist	botanist	172175
botanists	355.2763157894737	9	botanists	botanists	102383
both	307.94827586206895	4	both	both	116011743
bottoms	371.9759036144578	7	bottoms	bottoms	409011
bought	298.2987012987013	6	bought	bought	6604892
boy	383.6195652173913	3	boy	boy	15012057
boys	325.31413612565444	4	boys	boys	11013213
brass	356.98523985239854	5	brass	brass	1608799
breaking	396.7654320987654	8	breaking	breaking	4739864
breathe	370.35955056179773	7	breathe	breathe	1829018
breathing	313.65060240963857	9	breathing	breathing	4103276
brick	344.8279569892473	5	brick	brick	2410149
bridge	343.6703296703297	6	bridge	bridge	6236020
bright	321.54395604395603	6	bright	bright	6970967
brighter	329.13186813186815	8	brighter	brighter	705224
brightness	318.21666666666664	10	brightness	brightness	1007383
bring	288.52941176470586	5	bring	bring	21687869
bringing	374.5	8	bringing	bringing	6402128
brook	314.4909090909091	5	brook	brook	439768
brother	334.53956834532374	7	brother	brother	14364432
brothers	302.07749077490774	8	brothers	brothers	5599302
brought	308.325	7	brought	brought	29618021
brunt	358.1162790697674	5	brunt	brunt	235149
brushed	301.4462365591398	7	brushed	brushed	1150796
bubble	333.02597402597405	6	bubble	bubble	1273305
buds	372.8562091503268	4	buds	buds	653126
bugging	352.2105263157895	7	bugging	bugging	78853
buildup	319.4714285714286	7	buildup	buildup	475319
bulb	366.2899022801303	4	bulb	bulb	920990
bundle	333.264367816092	6	bundle	bundle	1489577
burner	324.8780487804878	6	burner	burner	401502
burning	354.05494505494505	7	burning	burning	4921928
burns	334.14285714285717	5	burns	burns	1099971
burst	316.57142857142856	5	burst	burst	3346798
busy	353.1583011583012	4	busy	busy	5424151
butter	300.8536585365854	6	butter	butter	2864124
buy	324.05314009661834	3	buy	buy	10703771
buyers	319.8831168831169	6	buyers	buyers	1815579
buzz	335.0851063829787	4	buzz	buzz	435991
call	320.8494318181818	4	call	call	32401764
called	337.66568914956014	6	called	called	69300306
calm	307.3611111111111	4	calm	calm	4147380
came	343.408560311284	4	came	came	61302439
candy	317.1720430107527	5	candy	candy	1070570
capable	271.3918918918919	7	capable	capable	8807187
car	303.6666666666667	3	car	car	19890198
carcass	335.98837209302326	7	carcass	carcass	335947
cards	313.8068181818182	5	cards	cards	5502348
careful	310.6707317073171	7	careful	careful	7678101
carefully	362.8181818181818	9	carefully	carefully	10230063
carriages	402.9247311827957	9	carriages	carriages	477421
carried	339.94505494505495	7	carried	carried	18379709
carry	312.90944881889766	5	carry	carry	12615369
carrying	363.0989010989011	8	carrying	carrying	7736371
case	333.1386554621849	4	case	case	83294081
cases	320.7916666666667	5	cases	cases	38551029
cast	341.6575342465753	4	cast	cast	7604932
catch	316.2168674698795	5	catch	catch	6166843
caused	311.1808510638298	6	caused	caused	16335731
causing	303.63013698630135	7	causing	causing	5359951
celebrate	342.9529411764706	9	celebrate	celebrate	1801842
celebrating	345.4507042253521	11	celebrating	celebrating	796033
century	410.37974683544303	7	century	century	42601730
certainly	355.17283950617286	9	certainly	certainly	15468602
chair	314.32978723404256	5	chair	chair	8889250
chairs	324.73118279569894	6	chairs	chairs	2514661
challenging	398.5	11	challenging	challenging	3000097
chance	323.2055555555556	6	chance	chance	13447740
changed	378.010989010989	7	changed	changed	16742569
changes	301.57894736842104	7	changes	changes	37311795
characterized	380.7448275862069	13	characterized	characterized	7084259
check	295.41975308641975	5	check	check	12411063
cheering	280.6849315068493	8	cheering	cheering	470747
cheers	284.5068493150685	6	cheers	cheers	379404
chest	305.0365853658537	5	chest	chest	6875624
chicanery	440.1764705882353	9	chicanery	chicanery	52872
child	339.7111111111111	5	child	child	46276643
childhood	370.06756756756755	9	childhood	childhood	6646302
chirping	324.16201117318434	8	chirping	chirping	104585
chocolate	499.7362637362637	9	chocolate	chocolate	1891939
choice	271.9866666666667	6	choice	choice	19468150
chosen	406.5632183908046	6	chosen	chosen	9821287
chronic	382.0408163265306	7	chronic	chronic	6072599
church	412.96590909090907	6	church	church	22128712
claimed	324.43518518518516	7	claimed	claimed	8138532
claims	329.1920529801325	6	claims	claims	12835191
class	334.4642857142857	5	class	class	42067820
classic	308.4736842105263	7	classic	classic	4407368
classified	334.0888888888889	10	classified	classified	3872694
clatter	315.20652173913044	7	clatter	clatter	229741
clattered	414.81176470588235	9	clattered	clattered	121477
clattering	356.35164835164835	10	clattering	clattering	121321
clean	328.5443786982249	5	clean	clean	8058996
cleaning	332.86746987951807	8	cleaning	cleaning	2786708
clear	341.7534626038781	5	clear	clear	35415613
cleared	326.9024390243902	7	cleared	cleared	2753286
clears	321.1566265060241	6	clears	clears	295123
clever	335.76190476190476	6	clever	clever	1870677
cliff	345.8021978021978	5	cliff	cliff	1153934
climbed	318.8188679245283	7	climbed	climbed	2532328
clinging	342.89820359281435	8	clinging	clinging	730204
clinicians	458.8169014084507	10	clinicians	clinicians	916464
clone	380.6753246753247	5	clone	clone	517684
close	325.6823529411765	5	close	close	31505401
closed	302.87654320987656	6	closed	closed	13604408
closer	307.4945054945055	6	closer	closer	8390061
cloud	350.95454545454544	5	cloud	cloud	3174456
coat	342.7567567567568	4	coat	coat	4235100
cold	338.0670826833073	4	cold	cold	14949741
collars	394.3521126760563	7	collars	collars	269113
collection	307.1898734177215	10	collection	collection	13163156
combination	329.35714285714283	11	combination	combination	10668310
combined	340.5629139072848	8	combined	combined	9485910
come	318.9005988023952	4	come	come	69378970
comfort	369.1066666666667	7	comfort	comfort	4887104
coming	327.5280898876405	6	coming	coming	20383546
commerce	354.88461538461536	8	commerce	commerce	3795043
common	336.0979020979021	6	common	common	45510679
commonly	364.01428571428573	8	commonly	commonly	8554298
comparable	356.90410958904107	10	comparable	comparable	3778147
competition	377.17241379310343	11	competition	competition	10329180
complete	305.8085106382979	8	complete	complete	23000029
completely	364.3614457831325	10	completely	completely	14829586
compression	391.9577464788732	11	compression	compression	2811014
computerized	450.34722222222223	12	computerized	computerized	742102
concert	320.67123287671234	7	concert	concert	2131949
concluded	357.5241379310345	9	concluded	concluded	7036244
conclusions	345.73333333333335	11	conclusions	conclusions	4765162
condition	365.24545454545455	9	condition	condition	20353662
conditions	324.9086757990868	10	conditions	conditions	35531542
conduct	341.0	7	conduct	conduct	10879535
conducted	338.7857142857143	9	conducted	conducted	8944308
conference	341.85135135135135	10	conference	conference	6698327
confident	295.2027027027027	9	confident	Confident	82439
confirmed	344.5430463576159	9	confirmed	confirmed	5244834
confused	365.32142857142856	8	confused	confused	3857034
confusion	351.8304347826087	9	confusion	confusion	5102421
conjectured	381.20652173913044	11	conjectured	conjectured	154349
connection	343.56	10	connection	connection	13490410
considered	393.65359477124184	10	considered	considered	32202519
considering	319.24657534246575	11	considering	considering	5983700
conspiracy	330.62666666666667	10	conspiracy	conspiracy	1611982
constituted	365.0	11	constituted	constituted	3442050
consulted	387.57142857142856	9	consulted	consulted	1505383
contained	338.30120481927713	9	contained	contained	9402181
contamination	370.2191780821918	13	contamination	contamination	1718540
contest	328.54117647058825	7	contest	contest	2238178
continue	325.51973684210526	8	continue	continue	17083687
continuing	346.22972972972974	10	continuing	continuing	5882111
contract	386.42138364779873	8	contract	contract	13888850
contracted	372.4078947368421	10	contracted	contracted	1353401
contracts	364.7435897435897	9	contracts	contracts	5247575
controversial	342.43243243243245	13	controversial	controversial	2695317
controversy	357.88	11	controversy	controversy	3293733
convinced	352.9759036144578	9	convinced	convinced	5274085
coordinated	394.7323943661972	11	coordinated	coordinated	1476982
coot	476.19565217391306	4	coot	coot	32122
corn	311.6521739130435	4	corn	corn	3418741
corner	311.8791208791209	6	corner	corner	8812182
corners	313.1162790697674	7	corners	corners	2145300
correct	357.3285714285714	7	correct	correct	13073361
count	354.719512195122	5	count	count	6722362
countryside	414.54761904761904	11	countryside	countryside	2140605
couple	310.7848101265823	6	couple	couple	11386681
course	370.2	6	course	course	51745541
court	326.2207792207792	5	court	court	28250928
cover	335.15	5	cover	cover	13765275
covering	316.8333333333333	8	covering	covering	4357427
coveted	346.2692307692308	7	coveted	coveted	349403
crack	321.0120481927711	5	crack	crack	2946791
craft	354.8933333333333	5	craft	craft	2700090
crashed	349.1801801801802	7	crashed	crashed	751482
created	339.3170731707317	7	created	created	22166125
creative	316.2530120481928	8	creative	creative	6663180
creature	340.206106870229	8	creature	creature	3163415
credibility	378.83561643835617	11	credibility	credibility	1901995
creeping	362.59090909090907	8	creeping	creeping	620140
crept	351.9230769230769	5	crept	crept	917285
cried	349.8066666666667	5	cried	cried	5416949
critics	375.6111111111111	7	critics	critics	4777049
crowd	305.2837837837838	5	crowd	crowd	6087995
crowds	378.4805194805195	6	crowds	Crowds	101873
crying	387.09090909090907	6	crying	crying	3000627
cultivating	388.9605263157895	11	cultivating	cultivating	512197
cultivation	418.8625	11	cultivation	cultivation	2342402
culture	326.58666666666664	7	culture	culture	29727119
cunning	324.9651162790698	7	cunning	cunning	777409
curls	354.9782608695652	5	curls	curls	592426
current	469.4714285714286	7	current	current	30595808
curtains	319.4931506849315	8	curtains	curtains	1090999
curve	323.0243902439024	5	curve	curve	7553731
cut	316.27624309392263	3	cut	cut	19831304
cute	372.28395061728395	4	cute	cute	676322
cutting	281.5882352941176	7	cutting	cutting	5223062
damn	369.0860215053763	4	damn	damn	2010010
danced	366.5735294117647	6	danced	danced	1212113
dank	371.4725274725275	4	dank	dank	131695
dared	365.3988764044944	5	dared	dared	1389752
dark	365.0113122171946	4	dark	dark	17668371
darkened	340.53846153846155	8	darkened	darkened	826953
darkness	335.1333333333333	8	darkness	darkness	5404942
dashing	345.67391304347825	7	dashing	dashing	349027
data	298.39473684210526	4	data	data	67806624
dawn	286.967032967033	4	dawn	dawn	2570111
day	330.60435779816515	3	day	day	88338993
daylights	331.4431818181818	9	daylights	daylights	26738
days	322.1566265060241	4	days	days	45157467
de	452.94444444444446	2	de	de	75082133
deadly	312.6	6	deadly	deadly	1695296
debris	344.03678160919543	6	debris	debris	1484718
debts	316.06666666666666	5	debts	debts	2062996
deceptively	369.6219512195122	11	deceptively	deceptively	175132
decide	320.04545454545456	6	decide	decide	8384940
decided	329.09375	7	decided	decided	17207383
declaring	310.64473684210526	9	declaring	declaring	1265755
decree	394.5263157894737	6	decree	decree	1666986
deepest	371.04545454545456	7	deepest	deepest	1323712
deflated	346.4266666666667	8	deflated	deflated	176769
demand	337.6470588235294	6	demand	demand	16692877
demons	361.53846153846155	6	demons	demons	1100088
demonstrably	400.2916666666667	12	demonstrably	demonstrably	169759
denied	338.4698795180723	6	denied	denied	5318967
depression	341.943661971831	10	depression	depression	6794796
descended	356.0246913580247	9	descended	descended	1647453
described	387.6986301369863	9	described	described	29601923
despised	389.7586206896552	8	despised	despised	764300
despondently	388.56043956043953	12	despondently	despondently	23973
detect	317.4	6	detect	detect	3120683
development	309.7536231884058	11	development	development	59678974
developmental	393.31081081081084	13	developmental	developmental	4024232
deviate	367.32911392405066	7	deviate	deviate	415371
diagnosed	380.7808219178082	9	diagnosed	diagnosed	1653583
diagnosis	329.42723004694835	9	diagnosis	diagnosis	7071535
diagnostic	351.50704225352115	10	diagnostic	diagnostic	3176470
did	328.8094768015795	3	did	did	164942220
die	317.4712643678161	3	die	die	17676334
died	302.88079470198676	4	died	died	16249807
different	322.9895833333333	9	different	different	94725345
difficult	312.3766233766234	9	difficult	difficult	29966493
difficulties	357.4507042253521	12	difficulties	difficulties	8064589
dig	320.60227272727275	3	dig	dig	1306987
dining	360.37894736842105	6	dining	dining	2910400
directed	299.94444444444446	8	directed	directed	9211710
directly	327.7887323943662	8	directly	directly	21473786
dirt	368.2857142857143	4	dirt	dirt	2469424
disabling	343.95862068965516	9	disabling	disabling	352299
disagreements	368.50666666666666	13	disagreements	disagreements	663187
disappear	392.8421052631579	9	disappear	disappear	2425438
discern	303.1463414634146	7	discern	discern	1055330
discovered	335.28389830508473	10	discovered	discovered	10134571
discrepancy	345.97222222222223	11	discrepancy	discrepancy	992447
distant	349.5681818181818	7	distant	distant	5369442
doctors	374.0567375886525	7	doctors	doctors	4437051
documents	343.0	9	documents	documents	9219329
does	306.1066666666667	4	does	does	97537337
doing	317.86486486486484	5	doing	doing	28432647
dollar	315.0659340659341	6	dollar	dollar	4512285
dominant	441.0869565217391	8	dominant	dominant	7853052
done	354.3276836158192	4	done	done	40695923
door	306.52208835341366	4	door	door	28468168
doorway	329.2926829268293	7	doorway	doorway	1916234
doubt	342.29545454545456	5	doubt	doubt	14188519
downtown	482.505376344086	8	downtown	downtown	1857146
dramatic	330.2083333333333	8	dramatic	dramatic	6068148
draw	335.2168674698795	4	draw	draw	9102897
drawing	340.60843373493975	7	drawing	drawing	8745005
drawn	339.4583333333333	5	drawn	drawn	11256498
dreadful	397.0111111111111	8	dreadful	dreadful	1253651
dress	382.7032967032967	5	dress	dress	6577482
drew	318.2443181818182	4	drew	drew	6347750
drink	352.45882352941175	5	drink	drink	7737324
driven	280.1333333333333	6	driven	driven	7179813
driving	335.2236842105263	7	driving	driving	6322359
drop	406.40437158469945	4	drop	drop	7963603
dropped	289.68674698795184	7	dropped	dropped	7178101
drops	327.67808219178085	5	drops	drops	2565401
dry	333.9054054054054	3	dry	dry	10398401
dubious	386.19444444444446	7	dubious	dubious	868864
duck	380.96590909090907	4	duck	duck	989240
ducks	331.60674157303373	5	ducks	ducks	636351
dug	305.6043956043956	3	dug	dug	1560602
dull	312.94565217391306	4	dull	dull	2135047
dummies	401.48571428571427	7	dummies	dummies	156887
dust	324.30864197530866	4	dust	dust	4736167
each	320.91291291291293	4	each	each	121902893
eagle	355.53714285714284	5	eagle	eagle	922318
ear	305.3155080213904	3	ear	ear	5829757
early	363.7574931880109	5	early	early	54812804
earned	341.5202312138728	6	earned	earned	3868494
earnest	393.3625	7	earnest	earnest	1460895
ears	320.8488372093023	4	ears	ears	4866350
earth	329.4451038575668	5	earth	earth	16796169
easily	350.6388888888889	6	easily	easily	17543865
easy	316.56969696969696	4	easy	easy	18267075
economic	352.2931034482759	8	economic	economic	44242546
economists	341.13157894736844	10	economists	economists	1823948
effects	327.37857142857143	7	effects	effects	32198969
effort	315.55405405405406	6	effort	effort	16657004
eighteen	359.62820512820514	8	eighteen	eighteen	2726135
eighties	370.82608695652175	8	eighties	eighties	556701
either	308.0	6	either	either	45955645
elderly	339.0416666666667	7	elderly	elderly	4691520
elephant	317.85185185185185	8	elephant	elephant	1213127
elevated	372.02666666666664	8	elevated	elevated	3118209
else	323.1927710843373	4	else	else	23413085
emaciated	526.1195652173913	9	emaciated	emaciated	183967
emanate	367.5	7	emanate	emanate	225749
emerged	383.31944444444446	7	emerged	emerged	5866040
emptied	363.44565217391306	7	emptied	emptied	667879
encountered	364.29761904761904	11	encountered	encountered	4172025
encouraged	382.8809523809524	10	encouraged	encouraged	6234031
encouragingly	334.46666666666664	13	encouragingly	encouragingly	68162
end	310.712895377129	3	end	end	66509685
enforce	329.2077922077922	7	enforce	enforce	2141850
enforceable	319.6756756756757	11	enforceable	enforceable	503690
engaged	332.5733333333333	7	engaged	engaged	7793318
enjoy	287.2162162162162	5	enjoy	enjoy	7576280
enjoyed	332.6	7	enjoyed	enjoyed	5898243
enormous	329.6	8	enormous	enormous	5284735
enough	369.6510067114094	6	enough	enough	42301468
enter	317.7142857142857	5	enter	enter	11772759
entered	328.77906976744185	7	entered	entered	11705783
entrance	379.4021739130435	8	entrance	entrance	5072945
environmental	343.84892086330933	13	environmental	environmental	14589692
erase	328.0933333333333	5	erase	erase	582347
establish	314.1142857142857	9	establish	establish	10794353
established	337.15	11	established	established	24167734
estimated	355.8904109589041	9	estimated	estimated	8552136
evening	378.44565217391306	7	evening	evening	12026621
event	324.65384615384613	5	event	event	18031349
events	328.27314814814815	6	events	events	23608189
ever	361.7362637362637	4	ever	ever	39805996
every	322.20661157024796	5	every	every	63144706
everyday	399.8095238095238	8	everyday	everyday	4565185
everyone	351.95402298850576	8	everyone	everyone	14473465
everything	296.2191780821918	10	everything	everything	22592480
evidence	315.3868613138686	8	evidence	evidence	34374951
evolved	356.6901408450704	7	evolved	evolved	3236807
exalted	392.0	7	exalted	exalted	788626
examine	325.81065088757396	7	examine	examine	7511339
excited	364.77407407407406	7	excited	excited	3675168
excitedly	366.68674698795184	9	excitedly	excitedly	380331
excitement	352.6986301369863	10	excitement	excitement	3427417
exhibit	349.0	7	exhibit	exhibit	3681750
existence	324.95522388059703	9	existence	existence	16608192
expectations	325.1081081081081	12	expectations	expectations	6791104
expected	319.2298850574713	8	expected	expected	21880269
expensive	377.3975903614458	9	expensive	expensive	6087651
experience	354.8098591549296	10	experience	experience	43388158
experiences	366.125	11	experiences	experiences	12932100
experimental	394.5068493150685	12	experimental	experimental	7782812
expertise	340.8169014084507	9	expertise	expertise	3645505
explained	326.94444444444446	9	explained	explained	12566891
exposed	317.36619718309856	7	exposed	exposed	6899661
expression	339.2857142857143	10	expression	expression	20601318
extended	345.5753424657534	8	extended	extended	10761527
extra	312.2926829268293	5	extra	extra	7759192
extraordinarily	388.65	15	extraordinarily	extraordinarily	777329
extraordinary	305.55263157894734	13	extraordinary	Extraordinary	251365
extremely	320.1195652173913	9	extremely	extremely	9873741
eye	334.5440251572327	3	eye	eye	15763611
eyes	307.27906976744185	4	eyes	eyes	42210806
face	322.6551724137931	4	face	face	45765806
faced	327.22093023255815	5	faced	faced	7102446
facial	375.42657342657344	6	facial	facial	2210934
fact	317.92986425339365	4	fact	fact	61142902
facto	459.27272727272725	5	facto	facto	1019956
factors	335.0882352941176	7	factors	factors	25057224
fair	353.9714285714286	4	fair	fair	10168232
fall	304.7266666666667	4	fall	fall	18115537
fallen	312.4888888888889	6	fallen	fallen	5034130
falling	374.98285714285714	7	falling	falling	5726190
false	343.3972602739726	5	false	false	8965826
fame	342.9378881987578	4	fame	fame	2125715
families	331.73972602739724	8	families	families	16497146
family	317.0279069767442	6	family	family	63998193
famous	325.22983870967744	6	famous	famous	9360112
fanned	340.34065934065933	6	fanned	fanned	256187
far	305.0989010989011	3	far	far	50059082
faraway	390.47727272727275	7	faraway	faraway	245945
fashionably	429.89772727272725	11	fashionably	fashionably	62603
fast	329.7505518763797	4	fast	fast	11581233
father	331.9	6	father	father	37245167
fear	313.8181818181818	4	fear	fear	17198011
feared	329.36046511627904	6	feared	feared	3268205
fears	319.7613636363636	5	fears	fears	3918488
fearsome	397.271676300578	8	fearsome	fearsome	218485
feathers	337.09090909090907	8	feathers	feathers	1311688
featuring	345.2972972972973	9	featuring	featuring	979031
fed	343.63529411764705	3	fed	fed	3765916
fee	308.64935064935065	3	fee	fee	4461757
feel	297.43891402714934	4	feel	feel	33877718
feeling	305.40645161290325	7	feeling	feeling	17997939
feet	320.787037037037	4	feet	feet	23073556
fell	328.35238095238094	4	fell	fell	12415770
fellow	389.9230769230769	6	fellow	fellow	7640878
felt	329.36326530612246	4	felt	felt	35889439
females	310.55555555555554	7	females	females	4184991
ferocity	402.26190476190476	8	ferocity	ferocity	278431
few	321.16506189821183	3	few	few	64575815
fields	347.5	6	fields	fields	11642665
fifteen	639.7179487179487	7	fifteen	fifteen	5611227
fighting	305.4673913043478	8	fighting	fighting	6930258
figure	322.56382978723406	6	figure	figure	20104468
figured	334.2	7	figured	figured	2453961
filled	302.21768707482994	6	filled	filled	12364416
final	316.7027027027027	5	final	final	21602425
finally	333.1909090909091	7	finally	finally	17208239
find	314.37564322469984	4	find	find	59792457
fine	359.6761363636364	4	fine	fine	15623119
finished	304.9573170731707	8	finished	finished	8993459
fire	332.9810606060606	4	fire	fire	20358097
first	326.12462462462463	5	first	first	172429084
fish	417.2371541501976	4	fish	fish	11132902
fishes	423.0879120879121	6	fishes	fishes	885735
flame	314.53846153846155	5	flame	flame	2296775
flames	334.2911392405063	6	flames	flames	1627160
flapping	335.11494252873564	8	flapping	flapping	297204
flew	326.3675799086758	4	flew	flew	2656765
flies	318.4712643678161	5	flies	flies	1661324
float	301.9347826086956	5	float	float	1460095
floated	355.92391304347825	7	floated	floated	842312
floating	346.45454545454544	8	floating	floating	2718369
flock	336.09090909090907	5	flock	flock	1024358
flocks	329.51162790697674	6	flocks	flocks	500389
floor	300.2910447761194	5	floor	floor	15763266
flour	344.1436464088398	5	flour	flour	2135831
flowed	298.31081081081084	6	flowed	flowed	1098833
flower	334.62025316455697	6	flower	flower	3495072
flowering	337.57142857142856	9	flowering	flowering	1005504
flowers	347.012987012987	7	flowers	flowers	6659621
fly	324.8228571428571	3	fly	fly	5023580
flying	325.70359281437123	6	flying	flying	4200420
foaming	333.31111111111113	7	foaming	foaming	212383
focused	373.5833333333333	7	focused	focused	8093758
folding	359.0681818181818	7	folding	folding	981146
folk	336.04651162790697	4	folk	folk	3479440
followed	315.5824175824176	8	followed	followed	23689125
food	315.31481481481484	4	food	food	29768787
fooled	340.77777777777777	6	fooled	fooled	371279
forest	331.2967032967033	6	forest	forest	9078094
forgot	300.3988764044944	6	forgot	forgot	1964672
forgotten	317.9127516778523	9	forgotten	forgotten	4692028
form	336.1621621621622	4	form	form	68619504
formal	331.7236842105263	6	formal	formal	11940654
forms	330.73873873873873	5	forms	forms	27463164
forty	355.40277777777777	5	forty	forty	6900914
found	324.42942942942943	5	found	found	84394374
founded	369.85333333333335	7	founded	founded	6055898
four	352.3695652173913	4	four	four	49087752
fraction	301.62820512820514	8	fraction	fraction	4070260
free	331.01063829787233	4	free	free	39192789
fresh	324.3764705882353	5	fresh	fresh	9401087
friends	338.8545454545455	7	friends	friends	22974473
frightened	349.4725274725275	10	frightened	frightened	2413075
frogs	335.32608695652175	5	frogs	frogs	550370
frozen	326.4166666666667	6	frozen	frozen	2924343
fry	379.3863636363636	3	fry	fry	521851
fuel	296.8658536585366	4	fuel	fuel	5641113
full	311.69101123595505	4	full	full	39841263
fully	329.85714285714283	5	fully	fully	15213503
fuming	365.04545454545456	6	fuming	fuming	101601
funny	320.5108695652174	5	funny	funny	2653472
furious	317.1195652173913	7	furious	furious	1285256
future	316.88157894736844	6	future	future	33430803
futures	410.56410256410254	7	futures	futures	1247862
gathered	314.2298850574713	8	gathered	gathered	5394781
gave	333.787037037037	4	gave	gave	30520506
geese	312.5217391304348	5	geese	geese	456207
gelid	625.7640449438202	5	gelid	gelid	5523
gene	324.05	4	gene	gene	7687339
generally	386.66396761133603	9	generally	generally	25469457
generated	338.2957746478873	9	generated	generated	8249792
genes	321.33009708737865	5	genes	genes	5345323
genetically	316.9130434782609	11	genetically	genetically	1011585
genial	357.93617021276594	6	genial	genial	292785
gentle	349.8333333333333	6	gentle	gentle	3529333
get	323.96153846153845	3	get	get	86515246
getting	328.962962962963	7	getting	getting	18555552
giant	350.3152173913044	5	giant	giant	3393047
girl	316.25578831312015	4	girl	girl	16352263
girls	289.59090909090907	5	girls	girls	12006242
give	292.0537634408602	4	give	give	51024596
given	342.7293233082707	5	given	given	66612125
giving	320.77639751552795	6	giving	giving	16417665
glass	365.3975903614458	5	glass	glass	12138452
glasses	325.6666666666667	7	glasses	glasses	2785708
glory	321.6989247311828	5	glory	glory	4098901
glowed	332.05555555555554	6	glowed	glowed	407209
go	316.98099260823653	2	go	go	74237337
gobbled	349.855421686747	7	gobbled	gobbled	71105
going	305.70723684210526	5	going	going	55442137
gone	308.33203125	4	gone	gone	17937353
goose	390.4438202247191	5	goose	goose	594511
got	323.9118028534371	3	got	got	43005809
government	327.0783410138249	10	government	government	59840428
grandmother	339.5827205882353	11	grandmother	grandmother	2772794
gray	342.54945054945057	4	gray	gray	4964758
great	364.47457627118644	5	great	great	69441756
greater	315.8181818181818	7	greater	greater	28854831
greatly	405.97402597402595	7	greatly	greatly	7110695
green	800.3510638297872	5	green	green	12917565
grew	319.2672811059908	4	grew	grew	9240118
grimacing	394.81944444444446	9	grimacing	grimacing	78917
grinding	335.9120879120879	8	grinding	grinding	914801
grinned	350.63829787234044	7	grinned	grinned	1562726
ground	312.2637362637363	6	ground	ground	25370252
grow	348.15987460815046	4	grow	grow	9734379
growers	370.2564102564103	7	growers	growers	568212
grown	312.6422764227642	5	grown	grown	7750420
grows	344.2857142857143	5	grows	grows	2907217
grunting	400.6849315068493	8	grunting	grunting	122214
guard	314.59302325581393	5	guard	guard	5217577
guarded	326.08045977011494	7	guarded	guarded	1152523
guile	392.80898876404495	5	guile	guile	119870
gurgling	319.3296703296703	8	gurgling	gurgling	115569
guy	348.4114583333333	3	guy	guy	5546978
had	325.14402205122315	3	had	had	537932901
hair	314.2093023255814	4	hair	hair	16590025
haircut	361.1607142857143	7	haircut	haircut	210866
half	332.07865168539325	4	half	half	36278645
hall	300.16738197424894	4	hall	Hall	8981738
hand	297.7303370786517	4	hand	hand	63081980
handed	311.02659574468083	6	handed	handed	5039115
hands	322.9325842696629	5	hands	hands	29361361
handsome	355.4823529411765	8	handsome	handsome	2651402
hang	331.2530120481928	4	hang	hang	2829330
happy	348.2295081967213	5	happy	happy	12121639
hard	296.73895582329317	4	hard	hard	30493645
harsher	355.87179487179486	7	harsher	harsher	211491
has	327.51466666666664	3	has	has	336617760
hated	360.18918918918916	5	hated	hated	2514435
hateful	330.94736842105266	7	hateful	hateful	314340
hating	342.9651162790698	6	hating	hating	301322
have	319.7889809146561	4	have	have	593092485
having	311.94152046783626	6	having	having	42656711
hawk	356.25	4	hawk	hawk	451703
head	338.9365558912387	4	head	head	48252042
heads	349.8666666666667	5	heads	heads	7111834
hear	308.7302052785924	4	hear	hear	18622526
heard	311.43488372093026	5	heard	heard	26357604
hearing	327.0138888888889	7	hearing	hearing	8699831
hearsay	399.4166666666667	7	hearsay	hearsay	443958
heart	344.69827586206895	5	heart	heart	32678215
heavy	332.338747099768	5	heavy	heavy	13424014
held	318.38188976377955	4	held	held	35236312
help	313.05	4	help	help	53942915
helped	319.88461538461536	6	helped	helped	11341770
helping	339.7162162162162	7	helping	helping	5842856
here	308.1939393939394	4	here	here	77002046
herself	308.5357142857143	7	herself	herself	20074494
hesitantly	382.7866666666667	10	hesitantly	hesitantly	183850
hid	322.56111111111113	3	hid	hid	1302076
hidden	354.7186311787072	6	hidden	hidden	6412449
hide	340.00583090379007	4	hide	hide	4034362
hides	317.53409090909093	5	hides	hides	799709
hiding	310.3179190751445	6	hiding	hiding	2401429
high	332.3141654978962	4	high	high	78531970
highest	342.21590909090907	7	highest	highest	10194893
highly	362.126582278481	6	highly	highly	17644939
him	323.96881644223953	3	him	him	230330497
himself	343.90084985835693	7	himself	himself	51056413
hit	311.6149732620321	3	hit	hit	9467805
hoaxes	375.6	6	hoaxes	hoaxes	33648
holding	326.8076923076923	7	holding	holding	11695702
hole	316.46264367816093	4	hole	hole	5831470
home	331.2869318181818	4	home	home	58425147
hoovered	421.9759036144578	8	hoovered	hoovered	2093
hope	313.80281690140845	4	hope	hope	18868214
hopping	386.625	7	hopping	hopping	375893
horse	364.0681818181818	5	horse	horse	9634789
hosts	352.9428571428571	5	hosts	hosts	1804151
hour	343.5744680851064	4	hour	hour	16736533
hours	309.3855421686747	5	hours	hours	25015518
houses	338.81081081081084	6	houses	houses	9878238
hovel	435.4673913043478	5	hovel	hovel	73520
hummed	432.3139534883721	6	hummed	hummed	184482
hundred	387.23636363636365	7	hundred	hundred	16818524
hundreds	334.6970954356847	8	hundreds	hundreds	5212001
hung	350.4269662921348	4	hung	hung	4583020
hunting	309.6666666666667	7	hunting	hunting	3880630
huntsman	318.6575240919199	8	huntsman	huntsman	60870
huntsmen	308.0238095238095	8	huntsmen	huntsmen	31747
hurried	368.7567567567568	7	hurried	hurried	1948452
hurry	293.73333333333335	5	hurry	hurry	1864167
idea	311.8503937007874	4	idea	idea	32654099
ideal	342.8690476190476	5	ideal	ideal	9395146
identified	338.15277777777777	10	identified	identified	14492759
ignore	301.89156626506025	6	ignore	ignore	3536275
imagine	346.92857142857144	7	imagine	imagine	7187692
imagined	317.4130434782609	8	imagined	imagined	3662569
impact	304.25	6	impact	impact	18404514
impatient	312.1341463414634	9	impatient	impatient	1051793
impending	346.35555555555555	9	impending	impending	918622
important	331.3046357615894	9	important	important	77762315
impressive	354.43835616438355	10	impressive	impressive	2893002
improvement	369.9054054054054	11	improvement	improvement	7640531
inadmissible	405.65277777777777	12	inadmissible	inadmissible	252193
include	352.64493758668516	7	include	include	35320768
including	373.64150943396226	9	including	including	45597635
income	348.39240506329116	6	income	income	24966740
increasingly	337.31168831168833	12	increasingly	increasingly	9891935
indeed	338.6511627906977	6	indeed	indeed	17667180
individuals	316.2987012987013	11	individuals	individuals	22589212
infected	386.35	8	infected	infected	2850883
inflated	330.62820512820514	8	inflated	inflated	587352
inheritance	376.5149253731343	11	inheritance	inheritance	2551711
inherited	377.74626865671644	9	inherited	inherited	2707590
injured	347.35714285714283	7	injured	injured	2922811
innocently	388.51408450704224	10	innocently	innocently	279778
inquiry	338.90140845070425	7	inquiry	inquiry	4046605
insensitive	404.0240963855422	11	insensitive	insensitive	634046
insiders	410.28	8	insiders	insiders	379409
instance	336.93023255813955	8	instance	instance	18016127
instead	371.64130434782606	7	instead	instead	19406033
intending	339.43589743589746	9	intending	intending	628029
intense	408.0748299319728	7	intense	intense	5410331
intentions	321.72527472527474	10	intentions	intentions	2998233
internal	331.3142857142857	8	internal	internal	15832625
interviewed	365.9121621621622	11	interviewed	interviewed	2150845
intrinsic	516.5064935064935	9	intrinsic	intrinsic	2646700
introduced	389.8875	10	introduced	introduced	12941807
investors	331.1038961038961	9	investors	investors	3940338
invited	393.2386363636364	7	invited	invited	5067831
involuntary	427.4657534246575	11	involuntary	involuntary	973945
involve	330.5	7	involve	involve	7204223
involved	323.97902097902096	8	involved	involved	27319869
involves	388.84722222222223	8	involves	involves	9749250
involving	388.85276073619633	9	involving	involving	7881037
iron	319.25	4	iron	iron	9018328
irrationally	341.83116883116884	12	irrationally	irrationally	75659
is	332.0757058641018	2	is	is	1780724214
issue	341.36046511627904	5	issue	issue	26967886
issued	360.8378378378378	6	issued	issued	7478938
item	337.17721518987344	4	item	item	7431579
its	325.5936739659367	3	its	its	259806050
jealous	366.1333333333333	7	jealous	jealous	1313951
jennies	539.3176470588236	7	jennies	jennies	4296
job	311.7241379310345	3	job	job	25803539
join	316.1576086956522	4	join	join	7989363
journalist	345.2236842105263	10	journalist	journalist	1655119
journey	329.63837638376384	7	journey	journey	6826751
joy	304.4945054945055	3	joy	joy	5858259
joyous	376.02197802197804	6	joyous	joyous	518199
judges	314.92	6	judges	judges	3974830
judging	344.1081081081081	7	judging	judging	1244700
jumped	317.87951807228916	6	jumped	jumped	2900435
just	308.6138996138996	4	just	just	113263289
keep	324.45772594752185	4	keep	keep	32794260
keeps	304.1931818181818	5	keeps	keeps	3582898
kept	345.37704918032784	4	kept	kept	19944712
kill	311.22352941176473	4	kill	kill	7599359
killed	320.8169934640523	6	killed	killed	11238786
kindly	337.0722222222222	6	kindly	kindly	1664380
king	370.8857142857143	4	king	king	13253011
kneeled	316.6707317073171	7	kneeled	kneeled	87036
knew	322.972602739726	4	knew	knew	37182349
know	315.4193548387097	4	know	know	103090059
knowing	320.4342105263158	7	knowing	knowing	8651713
knowledge	342.32876712328766	9	knowledge	knowledge	40687619
known	336.0839416058394	5	known	known	48608768
l'Ecluse	467.4177215189873	8	l'ecluse	l'Ecluse	0
la	486.38028169014086	2	la	la	25309478
lab	339.4225352112676	3	lab	lab	1750462
laboratory	311.9130434782609	10	laboratory	laboratory	5381003
lain	362.3333333333333	4	lain	lain	396508
land	322.6530612244898	4	land	land	36688838
landed	313.5890410958904	6	landed	landed	2752089
lands	357.8863636363636	5	lands	lands	5781753
lanky	328.4054054054054	5	lanky	lanky	127017
large	315.04911591355597	5	large	large	65165705
larger	326.04651162790697	6	larger	larger	19120633
last	316.71223021582733	4	last	last	57574244
lasting	339.03105590062114	7	lasting	lasting	2601928
lasts	333.2027027027027	5	lasts	lasts	887350
latched	309.2739726027397	7	latched	latched	113327
late	332.84444444444443	4	late	late	29067082
laughed	324.18674698795184	7	laughed	laughed	5955735
launched	367.65277777777777	8	launched	launched	3287918
lay	337.7150837988827	3	lay	lay	13552915
leads	313.09859154929575	5	leads	leads	10129834
leaning	338.04395604395603	7	leaning	leaning	1789890
leaped	339.9642857142857	6	leaped	leaped	771890
leaping	331.7	7	leaping	leaping	489711
learn	304.8936170212766	5	learn	learn	18725006
least	314.6561085972851	5	least	least	48582456
leaves	322.6923076923077	6	leaves	leaves	11306879
leaving	361.0444444444444	7	leaving	leaving	11955888
left	345.3265306122449	4	left	left	65369345
legend	455.28735632183907	6	legend	legend	2154194
legs	345.9120879120879	4	legs	legs	7656636
less	331.12587412587413	4	less	less	66492927
lesser	320.36708860759495	6	lesser	lesser	3073483
let	331.5905882352941	3	let	let	35077105
levels	373.1794871794872	6	levels	levels	27247134
lies	320.98823529411766	4	lies	lies	9119275
life	325.2391304347826	4	life	life	120194864
light	322.93537964458807	5	light	light	42409052
lights	359.68888888888887	6	lights	lights	4876964
like	317.5154304277206	4	like	like	167991828
liked	319.6481994459834	5	liked	liked	6186837
likely	321.07067137809184	6	likely	likely	31832191
lilac	345.6923076923077	5	lilac	lilac	185440
limited	312.52702702702703	7	limited	limited	22223315
little	331.24751958224545	6	little	little	78869880
littlest	312.46590909090907	8	littlest	littlest	30873
live	291.6341463414634	4	live	live	26729203
lived	324.90588235294115	5	lived	lived	16317525
living	329.89385474860336	6	living	living	29569532
lo	367.02222222222224	2	lo	lo	1835109
local	307.4470588235294	5	local	local	44984524
located	424.8735632183908	7	located	located	11818537
lonely	323.13953488372096	6	lonely	lonely	2129873
lonesome	402.25	8	lonesome	lonesome	163844
long	301.54296875	4	long	long	95494675
longer	312.9310344827586	6	longer	longer	28040212
look	303.7926267281106	4	look	look	47510867
looked	324.1214109926169	6	looked	looked	37086942
looking	356.0730337078652	7	looking	looking	26020896
looks	350.6666666666667	5	looks	looks	10558295
losing	352.84615384615387	6	losing	losing	4480292
lost	353.4611111111111	4	lost	lost	24735186
lot	323.7105263157895	3	lot	lot	21269989
loud	358.67105263157896	4	loud	loud	4009477
loudest	275.3918918918919	7	loudest	loudest	154069
love	297.15246636771303	4	love	love	42743185
loved	305.8888888888889	5	loved	loved	9427047
loving	350.24175824175825	6	loving	loving	3752220
low	365.625	3	low	low	40087210
lower	327.9782608695652	5	lower	lower	28478850
lowering	356.8	8	lowering	lowering	1478916
luck	381.1912568306011	4	luck	luck	3228871
lucky	301.55555555555554	5	lucky	lucky	2678763
luxury	382.44303797468353	6	luxury	luxury	1972412
lying	403.8666666666667	5	lying	lying	6109484
machine	357.41711229946526	7	machine	machine	11313867
made	316.47194244604316	4	made	made	132945317
magnetic	366.9142857142857	8	magnetic	magnetic	5453796
magnifying	330.08641975308643	10	magnifying	magnifying	254574
main	328.09302325581393	4	main	main	29437798
maintain	403.0810810810811	8	maintain	maintain	12314211
maintains	359.041095890411	9	maintains	maintains	2367582
majorities	361.2972972972973	10	majorities	majorities	304404
majority	355.64864864864865	8	majority	majority	14796835
make	308.52694610778445	4	make	make	111219711
makes	316.2261904761905	5	makes	makes	29037262
making	331.79661016949154	6	making	making	44514896
males	322.44444444444446	5	males	males	4814665
man	306.9250749250749	3	man	man	97465290
manage	321.84722222222223	6	manage	manage	5938517
mania	350.7350427350427	5	mania	mania	458023
masses	313.1927710843373	6	masses	masses	3770528
massive	323.3918918918919	7	massive	massive	5003859
match	326.5157728706625	5	match	match	6404010
matches	359.7142857142857	7	matches	matches	1817726
material	368.28169014084506	8	material	material	30705891
matron	349.81623277182234	6	matron	matron	214787
matter	334.7022471910112	6	matter	matter	36582008
maybe	335.2826086956522	5	maybe	maybe	8076865
me	303.31254237288135	2	me	me	196933753
meadows	378.7816091954023	7	meadows	meadows	559055
mean	345.9010989010989	4	mean	mean	33028765
meant	330.5857142857143	5	meant	meant	15115492
media	404.17333333333335	5	media	media	15729852
meet	343.23333333333335	4	meet	meet	19601213
meeting	347.03409090909093	7	meeting	meeting	18991526
memories	378.09389671361504	8	memories	memories	4520369
merchants	330.0769230769231	9	merchants	merchants	2625721
merry	349.56043956043953	5	merry	merry	725960
message	362.468085106383	7	message	message	15214329
messages	330.1140939597315	8	messages	messages	6289314
messaging	335.4736842105263	9	messaging	messaging	349133
met	362.92	3	met	met	18391232
metaphorically	349.36486486486484	14	metaphorically	metaphorically	323731
microphone	320.05405405405406	10	microphone	microphone	771874
mid	350.9594594594595	3	mid	mid	9851397
middle	296.59119496855345	6	middle	middle	19971508
might	339.63169164882225	5	might	might	86236716
mild	339.44594594594594	4	mild	mild	3201166
milder	442.4189189189189	6	milder	milder	313932
miles	363.2988505747126	5	miles	miles	14192801
military	351.83391003460207	8	military	military	24266208
mill	402.83620689655174	4	mill	mill	2322536
million	346.2386363636364	7	million	million	21837221
mind	344.28915662650604	4	mind	mind	42835533
minimize	301.8732394366197	8	minimize	minimize	2618420
minimum	331.8611111111111	7	minimum	minimum	9813077
minutes	302.622754491018	7	minutes	minutes	19913825
misdiagnose	423.7464788732394	11	misdiagnose	misdiagnose	4813
missing	322.1904761904762	7	missing	missing	5863582
mist	382.5054945054945	4	mist	mist	1148616
mistake	348.48809523809524	7	mistake	mistake	4855710
mobile	379.9078947368421	6	mobile	mobile	3866719
mockery	347.46153846153845	7	mockery	mockery	428089
mode	364.8840579710145	4	mode	mode	10964783
moderate	330.13698630136986	8	moderate	moderate	4397119
modern	352.1842105263158	6	modern	modern	23333779
moment	309.0238095238095	6	moment	moment	29123824
money	354.60674157303373	5	money	money	37145420
months	326.97333333333336	6	months	months	25863713
moody	362.0879120879121	5	moody	moody	178771
moors	395.43023255813955	5	moors	moors	116892
more	325.3112874779541	4	more	more	329429635
morning	314.5581395348837	7	morning	morning	22128226
mother	344.7168674698795	6	mother	mother	39696579
motioned	333.8723404255319	8	motioned	motioned	584481
motionless	364.3296703296703	10	motionless	motionless	706216
motor	351.6804733727811	5	motor	motor	6581690
mountain	342.3736263736264	8	mountain	mountain	6678638
mouse	357.4488636363636	5	mouse	mouse	3954755
mouth	355.2298850574713	5	mouth	mouth	13275186
move	303.48936170212767	4	move	move	24909837
moved	339.2280701754386	5	moved	moved	19311958
movement	351.2328767123288	8	movement	movement	26884278
movements	353.9861111111111	9	movements	movements	9613806
movie	341.2	5	movie	movie	5394391
multicolored	406.5064935064935	12	multicolored	multicolored	126337
muscle	351.4657534246575	6	muscle	muscle	8663633
muscles	340.7887323943662	7	muscles	muscles	5042961
music	301.81081081081084	5	music	music	21118941
must	314.378640776699	4	must	must	124852809
myself	303.247311827957	6	myself	myself	19447387
mysterious	372.8072289156627	10	mysterious	mysterious	2586545
naked	384.77472527472526	5	naked	naked	2966278
name	346.0919881305638	4	name	name	51126537
named	414.9710610932476	5	named	named	12183636
nameless	343.33714285714285	8	nameless	nameless	315375
names	303.7142857142857	5	names	names	14771585
narrative	330.1736111111111	9	narrative	narrative	8853574
nature	297.72972972972974	6	nature	nature	43505346
near	344.4205378973105	4	near	near	26915276
nearby	304.0	6	nearby	nearby	4756208
nearly	353.51301115241637	6	nearly	nearly	15730154
neck	352.6056338028169	4	neck	neck	8055934
needed	311.19028340080973	6	needed	needed	29198561
neither	361.7942857142857	7	neither	neither	14001676
nerves	309.704347826087	6	nerves	nerves	2442763
neurobehavioral	428.72857142857146	15	neurobehavioral	neurobehavioral	43009
neuroimaging	476.875	12	neuroimaging	neuroimaging	112651
neurological	398.56164383561645	12	neurological	neurological	964901
neurologist	414.40845070422534	11	neurologist	neurologist	140358
never	339.9922480620155	5	never	never	74546406
next	324.43643643643645	4	next	next	47961300
nickel	320.26344086021504	6	nickel	nickel	929620
night	372.64406779661016	5	night	night	37510529
nine	409.43617021276594	4	nine	nine	9145840
nineteen	423.36713286713285	8	nineteen	nineteen	1192019
nineties	352.4428571428571	8	nineties	nineties	317770
noise	364.5977011494253	5	noise	noise	7880836
nor	336.8045112781955	3	nor	nor	23501188
normally	395.968085106383	8	normally	normally	7271856
northern	351.09090909090907	8	northern	northern	7347097
note	327.1933333333333	4	note	note	19803831
notes	306.4054054054054	5	notes	notes	12057816
nothing	301.7133333333333	7	nothing	nothing	38429085
notice	337.6033519553073	6	notice	notice	11275569
noticed	309.6727272727273	7	noticed	noticed	6953790
nowhere	321.6453488372093	7	nowhere	nowhere	2429404
nuclear	478.28	7	nuclear	nuclear	8685357
number	356.76687116564415	6	number	number	87423172
numbers	351.90909090909093	7	numbers	numbers	18625635
o'clock	348.1170212765957	7	o'clock	o'clock	3555398
object	342.44	6	object	object	25819446
objections	334.6619718309859	10	objections	objections	1844270
oblivion	383.72972972972974	8	oblivion	oblivion	450174
obscured	321.4347826086956	8	obscured	obscured	772931
obtained	328.14666666666665	8	obtained	obtained	17042186
occasions	318.44444444444446	9	occasions	occasions	4218239
occupied	301.65060240963857	8	occupied	occupied	5672713
occur	316.63380281690144	5	occur	occur	17914283
occurred	362.758389261745	8	occurred	occurred	11504759
occurring	396.3783783783784	9	occurring	occurring	3894946
ocean	337.39130434782606	5	ocean	ocean	4545633
odds	327.8904109589041	4	odds	odds	2284178
off	311.83096366508687	3	off	off	72362056
offered	317.27848101265823	7	offered	offered	15628242
often	328.85191347753744	5	often	often	74180388
old	388.85361216730035	3	old	old	66132164
older	363.8388429752066	5	older	older	14300395
oldest	325.15	6	oldest	oldest	2682488
ones	334.39080459770116	4	ones	ones	16074289
oneself	367.4225352112676	7	oneself	oneself	2359059
only	325.67203219315894	4	only	only	224965302
onset	348.7972027972028	5	onset	onset	3409206
onto	318.6484375	4	onto	onto	11889539
open	374.8121212121212	4	open	open	40299926
opened	322.0702479338843	6	opened	opened	14564232
or	359.60859116851907	2	or	or	793525686
order	304.0081300813008	5	order	order	71575698
organize	323.6575342465753	8	organize	organize	2836534
original	357.0263157894737	8	original	original	22804125
originally	326.7162162162162	10	originally	originally	6172483
orphanage	372.272	9	orphanage	orphanage	253927
others	318.9477124183006	6	others	others	56694406
otherwise	348.3333333333333	9	otherwise	otherwise	13478788
our	350.6777777777778	3	our	our	162647972
out	318.9950495049505	3	out	out	242417228
outside	313.5016233766234	7	outside	outside	28641062
outwit	331.85057471264366	6	outwit	outwit	67587
outwitted	382.5057471264368	9	outwitted	outwitted	48600
overcoming	339.2043010752688	10	overcoming	overcoming	918752
overlooked	339.68674698795184	10	overlooked	overlooked	1600456
oversized	381.0933333333333	9	oversized	oversized	280472
overturning	376.8863636363636	11	overturning	overturning	170467
owed	293.1506849315069	4	owed	owed	1830581
owl	341.7680608365019	3	owl	owl	564219
own	323.33466135458167	3	own	own	109739389
owned	404.39784946236557	5	owned	owned	7296902
owners	380.7976878612717	6	owners	owners	5647846
pack	309.0705882352941	4	pack	pack	2918823
paid	354.72727272727275	4	paid	paid	17418963
pain	283.0821917808219	4	pain	pain	19787856
pair	319.5820895522388	4	pair	pair	7856480
pajama	403.5	6	pajama	pajama	53699
pale	333.46666666666664	4	pale	pale	3929513
panicked	344.15584415584414	8	panicked	panicked	321153
paper	341.890243902439	5	paper	paper	26454718
parents	321.8834355828221	7	parents	parents	25278253
parliamentary	386.4864864864865	13	parliamentary	parliamentary	1989317
part	328.27035830618894	4	part	part	92088752
participate	323.52054794520546	11	participate	participate	5783380
particularly	430.23655913978496	12	particularly	particularly	27491414
parties	301.4805194805195	7	parties	parties	16917662
party	361.36486486486484	5	party	party	30584496
passenger	380.60526315789474	9	passenger	passenger	2075639
patchy	333.3076923076923	6	patchy	patchy	202526
patient	326.2	7	patient	patient	26917580
patients	368.521327014218	8	patients	patients	32440708
patted	312.3191489361702	6	patted	patted	663234
patter	309.64835164835165	6	patter	patter	116775
pattern	322.9852941176471	7	pattern	pattern	16762731
patterns	353.8169014084507	8	patterns	patterns	13989300
pay	322.2692307692308	3	pay	pay	22850702
payment	313.8636363636364	7	payment	payment	8039886
peaceful	336.86046511627904	8	peaceful	peaceful	2870661
peak	342.2926829268293	4	peak	peak	5622753
peaked	359.35555555555555	6	peaked	peaked	445987
peaks	334.3783783783784	5	peaks	peaks	1988791
pebbles	290.1975308641975	7	pebbles	pebbles	401910
peeped	359.20454545454544	6	peeped	peeped	115964
peered	349.1341463414634	6	peered	peered	860488
peering	293.875	7	peering	peering	512812
per	355.2105263157895	3	per	per	49354567
percent	350.42	7	percent	percent	36620745
perfectly	366.0740740740741	9	perfectly	perfectly	5795561
perform	315.5246913580247	7	perform	perform	10367531
period	335.75	6	period	period	46472774
person	323.96860986547085	6	person	person	54204685
personnel	348.5405405405405	9	personnel	personnel	6648831
pet	374.79661016949154	3	pet	pet	1554092
phenomenon	339.3333333333333	10	phenomenon	phenomenon	6733400
phone	324.7203166226913	5	phone	phone	10537598
phrases	366.50704225352115	7	phrases	phrases	2718090
physical	385.09859154929575	8	physical	physical	27907212
physicians	352.7027027027027	10	physicians	physicians	3426141
physicist	373.93243243243245	9	physicist	physicist	545764
pick	283.3690476190476	4	pick	pick	6368929
picture	369.23655913978496	7	picture	picture	15757363
piece	324.90419161676647	5	piece	piece	13321986
pieces	319.1566265060241	6	pieces	pieces	9098205
pill	308.3636363636364	4	pill	pill	720689
pink	375.15384615384613	4	pink	pink	3093807
pioneering	393.5890410958904	10	pioneering	pioneering	801153
pitch	330.34705882352944	5	pitch	pitch	3008689
pity	303.2111111111111	4	pity	pity	2180399
place	300.1388888888889	5	place	place	78015798
placed	348.22340425531917	6	placed	placed	19012612
planted	306.2625	7	planted	planted	2442760
plausibility	328.63380281690144	12	plausibility	plausibility	319008
play	329.6304849884527	4	play	play	29832939
played	341.0897435897436	6	played	played	13062452
pleased	335.4496124031008	7	pleased	pleased	4509512
plunged	345.7307692307692	7	plunged	plunged	922053
point	303.2640692640693	5	point	point	68533138
polished	350.85714285714283	8	polished	polished	1396810
pond	329.11556603773585	4	pond	pond	1463397
pool	306.68131868131866	4	pool	pool	5265222
pop	343.86486486486484	3	pop	pop	2355356
popularized	341.8051948051948	11	popularized	popularized	299230
position	323.52702702702703	8	position	position	40450148
positive	313.82191780821915	8	positive	positive	21509569
possession	328.5064102564103	10	possession	possession	5661689
possible	320.66906474820144	8	possible	possible	57560669
possibly	355.2432432432432	8	possibly	possibly	8857661
post	324.675	4	post	post	15719371
pouch	318.8941176470588	5	pouch	pouch	579050
power	353.03314917127074	5	power	power	69017913
powerful	323.0365853658537	8	powerful	powerful	14104583
practically	340.438202247191	11	practically	practically	3117106
practice	315.8936170212766	8	practice	practice	31369864
predisposition	350.34285714285716	14	predisposition	predisposition	399370
preferred	337.8292682926829	9	preferred	preferred	6241124
prefix	363.57142857142856	6	prefix	prefix	704422
prefixed	375.8076923076923	8	prefixed	prefixed	141564
preparing	364.96385542168673	9	preparing	preparing	3933717
presence	319.4246575342466	8	presence	presence	21692148
present	352.06832298136646	7	present	present	52582897
presentation	328.6056338028169	12	presentation	presentation	6601700
press	367.59183673469386	5	press	press	13390537
pretending	338.4130434782609	10	pretending	pretending	896423
pretty	383.1684210526316	6	pretty	pretty	9374625
price	284.8181818181818	5	price	price	23826559
prices	329.1360103626943	6	prices	prices	11346145
pride	284.0	5	pride	pride	4797865
primary	319.1392405063291	7	primary	primary	20241884
prize	312.919881305638	5	prize	prize	1999559
probably	325.9277108433735	8	probably	probably	29000763
problem	316.3833333333333	7	problem	problem	49011206
problems	337.96215139442234	8	problems	problems	42582185
proclaimed	316.54117647058825	10	proclaimed	proclaimed	1901252
proclamation	365.70588235294116	12	proclamation	proclamation	914548
production	302.2916666666667	10	production	production	33961953
professional	343.17105263157896	12	professional	professional	15752421
profusion	353.7974683544304	9	profusion	profusion	317960
program	346.4551724137931	7	program	program	33194314
programs	373.07142857142856	8	programs	programs	20360974
progress	324.93055555555554	8	progress	progress	12679934
progressive	356.5890410958904	11	progressive	progressive	4230006
prominent	386.2464788732394	9	prominent	prominent	5650674
promised	323.9864864864865	8	promised	promised	5574370
proof	319.54296875	5	proof	proof	6786238
propagated	392.7894736842105	10	propagated	propagated	508873
proponents	424.0827586206897	10	proponents	proponents	893203
proposed	331.85526315789474	8	proposed	proposed	14002097
proud	293.46666666666664	5	proud	proud	4302948
prove	300.7469879518072	5	prove	prove	8557322
psychiatric	349.60869565217394	11	psychiatric	psychiatric	2253531
psychological	379.07042253521126	13	psychological	psychological	8707142
publicity	327.0	9	publicity	publicity	1954005
publicized	354.56164383561645	10	publicized	publicized	537211
published	318.0821917808219	9	published	published	21084592
publishing	317.2631578947368	10	publishing	publishing	2999148
pulled	381.5923566878981	6	pulled	pulled	9729077
pulling	360.18666666666667	7	pulling	pulling	2928123
punching	344.3380281690141	8	punching	punching	259834
punish	290.0919540229885	6	punish	punish	1322732
purchase	313.541935483871	8	purchase	purchase	7936281
purchases	415.31168831168833	9	purchases	purchases	1966349
purchasing	370.57142857142856	10	purchasing	purchasing	2254914
purple	355.52564102564105	6	purple	purple	2069060
pursuing	394.4431818181818	8	pursuing	pursuing	1954554
push	287.825	4	push	push	4573513
put	301.39381720430106	3	put	put	49376612
puzzling	375.2068965517241	8	puzzling	puzzling	570021
question	381.2705882352941	8	question	question	44123698
questioned	320.1764705882353	10	questioned	questioned	2703531
quick	292.8192771084337	5	quick	quick	7462194
quickly	311.71604938271605	7	quickly	quickly	18146835
quite	351.7519083969466	5	quite	quite	32424104
rag	347.3	3	rag	rag	525215
raindrops	324.6060606060606	9	raindrops	raindrops	119580
raised	308.55555555555554	6	raised	raised	14251814
ran	301.3510638297872	3	ran	ran	11331563
ranch	351.1756756756757	5	ranch	ranch	1363145
ranged	339.44444444444446	6	ranged	ranged	1386724
ranks	327.0135135135135	5	ranks	ranks	2997609
rapidly	343.9493670886076	7	rapidly	rapidly	8534482
rational	397.7922077922078	8	rational	rational	6216696
ravaging	359.86046511627904	8	ravaging	ravaging	68248
reached	371.1575757575758	7	reached	reached	18512983
reaching	290.02222222222224	8	reaching	reaching	5456390
read	316.09589041095893	4	read	read	32124152
ready	295.3790322580645	5	ready	ready	16067422
real	310.66274509803924	4	real	real	40475381
realization	330.987012987013	11	realization	realization	2808285
realized	320.3736263736264	8	realized	realized	9907379
realizing	326.1666666666667	9	realizing	realizing	1482798
really	319.82758620689657	6	really	really	36961130
reason	340.8735632183908	6	reason	reason	33557823
reasons	327.56164383561645	7	reasons	reasons	17716057
received	312.01176470588234	8	received	received	24664326
receiving	380.61842105263156	9	receiving	receiving	6453718
recent	336.80882352941177	6	recent	recent	19718055
recently	406.97435897435895	8	recently	recently	11702311
recorded	413.95	8	recorded	recorded	8986854
recounted	350.25	9	recounted	recounted	685976
recovered	345.52607709750566	9	recovered	recovered	3191950
recovery	361.3076923076923	8	recovery	recovery	6416061
red	335.4064748201439	3	red	red	19233374
refer	292.4078947368421	5	refer	refer	8430029
regarded	338.49333333333334	8	regarded	regarded	9025301
regret	357.6	6	regret	regret	2074374
regretted	329.9189189189189	9	regretted	regretted	652809
reign	344.08045977011494	5	reign	reign	2920841
rejection	330.79545454545456	9	rejection	rejection	3517329
rejoiced	336.40588235294115	8	rejoiced	rejoiced	346775
related	321.66847826086956	7	related	related	32471782
relationship	324.76258992805754	12	relationship	relationship	33122694
release	362.9189189189189	7	release	release	9663152
released	315.88732394366195	8	released	released	6391624
reliability	363.5138888888889	11	reliability	reliability	3052171
remain	315.1707317073171	6	remain	remain	16517925
remained	330.1978021978022	8	remained	remained	15552573
remaining	328.9318181818182	9	remaining	remaining	8938882
remains	299.2857142857143	7	remains	remains	16274457
remarked	358.1666666666667	8	remarked	remarked	2825594
remembered	336.2875	10	remembered	remembered	6932479
reminding	317.2567567567568	9	reminding	reminding	819957
repeating	347.6111111111111	9	repeating	repeating	1532001
repetitive	434.13194444444446	10	repetitive	repetitive	1037607
replied	363.82278481012656	7	replied	replied	9141323
report	314.92957746478874	6	report	report	23570328
reported	340.4172413793103	8	reported	reported	20995896
reports	360.5774647887324	7	reports	reports	12649584
reprinting	374.97333333333336	10	reprinting	reprinting	86198
request	367.1978021978022	7	request	request	9269744
require	348.0281690140845	7	require	require	16766137
required	322.24675324675326	8	required	required	34833403
researchers	377.17687074829934	11	researchers	researchers	6315379
residents	365.5	9	residents	residents	5484982
resolve	316.2207792207792	7	resolve	resolve	3938896
resolved	355.5581395348837	8	resolved	resolved	4207260
resonance	380.75	9	resonance	resonance	2173055
responded	337.4375	9	responded	responded	4723881
response	304.6857142857143	8	response	response	28758864
rest	300.70992366412213	4	rest	rest	23781741
result	316.7655172413793	6	result	result	45374035
reward	331.65982404692085	6	reward	reward	3549720
rewarded	305.49411764705883	8	rewarded	rewarded	1263320
rich	287.6304347826087	4	rich	rich	12456985
rippling	300.56666666666666	8	rippling	rippling	198044
rise	293.61038961038963	4	rise	rise	14948927
risk	306.7763157894737	4	risk	risk	28582434
river	321.1878453038674	5	river	river	12570076
roamed	432.68131868131866	6	roamed	roamed	298255
roast	316.57142857142856	5	roast	roast	622675
rock	307.5652173913044	4	rock	rock	9223034
rocks	326.17391304347825	5	rocks	rocks	4911070
rocky	330.9782608695652	5	rocky	rocky	1191306
role	301.41062801932367	4	role	role	40882681
rolled	322.9255319148936	6	rolled	rolled	3677748
rolling	329.7142857142857	7	rolling	rolling	2876355
roof	326.8901098901099	4	roof	roof	4736012
room	336.3157894736842	4	room	room	42569269
rose	372.18390804597703	4	rose	rose	8709183
round	330.45604395604397	5	round	round	14284199
rubbed	331.72131147540983	6	rubbed	rubbed	1368620
ruined	332.6842105263158	6	ruined	ruined	1413263
rule	309.5192307692308	4	rule	rule	22483902
run	318.5945945945946	3	run	run	26037535
running	377.5217391304348	7	running	running	14525743
rushed	322.12345679012344	6	rushed	rushed	2373651
rushing	332.2967032967033	7	rushing	rushing	1112733
safe	303.22265625	4	safe	safe	10018666
said	332.96004566210047	4	said	said	171981082
sail	368.86813186813185	4	sail	sail	1920964
sailing	353.2967032967033	7	sailing	sailing	1434532
same	357.1604938271605	4	same	same	119751381
sank	348.0689655172414	4	sank	sank	1447624
sat	309.7183908045977	3	sat	sat	14799021
satisfaction	324.1168831168831	12	satisfaction	satisfaction	6080985
saucer	316.8857142857143	6	saucer	saucer	268955
saucers	334.67605633802816	7	saucers	saucers	131798
savior	295.3333333333333	6	savior	savior	252326
savory	340.010989010989	6	savory	savory	129660
saw	302.98669032830526	3	saw	saw	36746641
say	325.6	3	say	say	65187655
saying	352.032967032967	6	saying	saying	16371671
scattered	338.19565217391306	9	scattered	scattered	3486918
scheme	311.20512820512823	6	scheme	scheme	7912043
scholars	312.3333333333333	8	scholars	scholars	6373667
school	352.27705627705626	6	school	school	49507062
screen	367.9736842105263	6	screen	screen	9231682
scurried	313.94505494505495	8	scurried	scurried	184341
sea	307.0112359550562	3	sea	sea	15805476
seal	336.93975903614455	4	seal	seal	2323646
search	293.1125	6	search	search	15119703
searched	324.2826086956522	8	searched	searched	1762012
seasonal	345.4492753623188	8	seasonal	seasonal	1802832
seated	300.7831325301205	6	seated	seated	2983271
second	317.7938144329897	6	second	second	56709426
secondary	345.05194805194805	9	secondary	secondary	10003804
see	315.4549418604651	3	see	see	158936043
seemed	329.14232209737827	6	seemed	seemed	29429319
seemingly	342.4109589041096	9	seemingly	seemingly	3029921
seems	425.9647058823529	5	seems	seems	30033228
seen	342.0759493670886	4	seen	seen	48510258
seized	368.35869565217394	6	seized	seized	2716575
sell	319.96153846153845	4	sell	sell	8220156
selling	347.5869565217391	7	selling	selling	5975094
sender	353.8666666666667	6	sender	sender	782406
sending	300.6842105263158	7	sending	sending	4191416
sense	284.79194630872485	5	sense	sense	45135376
sensed	319.8735632183908	6	sensed	sensed	1424388
sent	341.075	4	sent	sent	21109114
serious	349.3150684931507	7	serious	serious	16553118
set	310.7852760736196	3	set	set	70534745
settled	304.81290322580645	7	settled	settled	6959663
seven	373.3424657534247	5	seven	seven	14902531
several	344.8832599118943	7	several	several	51680241
severe	368.5436241610738	6	severe	severe	9854989
severity	353.1383647798742	8	severity	severity	2389980
sex	307.0	3	sex	sex	14316212
shadow	332.9864864864865	6	shadow	shadow	4318021
shake	334.55913978494624	5	shake	shake	2330953
shall	304.3863636363636	5	shall	shall	44913437
shape	333.85869565217394	5	shape	shape	13600507
shaving	321.1808510638298	7	shaving	shaving	338391
sheer	344.17045454545456	5	sheer	sheer	2071421
shelter	347.5326086956522	7	shelter	shelter	2858728
sheltered	439.6222222222222	9	sheltered	sheltered	783069
shined	362.9673913043478	6	shined	shined	111445
shiny	307.6914893617021	5	shiny	shiny	940068
ships	344.86813186813185	5	ships	ships	5955428
shiver	322.0	6	shiver	shiver	405110
shivered	342.81111111111113	8	shivered	shivered	491021
shoe	350.74468085106383	4	shoe	shoe	1458588
shoes	374.0659340659341	5	shoes	shoes	4271116
shone	330.74175824175825	5	shone	shone	977222
short	313.71505376344084	5	short	short	35215395
shortcut	326.3411764705882	8	shortcut	shortcut	655198
shortly	375.6687898089172	7	shortly	shortly	3500842
shot	351.4096385542169	4	shot	shot	10073717
should	320.8826530612245	6	should	should	157257237
shoulder	396.63255813953486	8	shoulder	shoulder	7422452
show	322.7717717717718	4	show	show	38166852
shows	338.9080459770115	5	shows	shows	27219973
shrill	387.0348837209302	6	shrill	shrill	416532
shuffling	319.4074074074074	9	shuffling	shuffling	313281
shut	299.3018867924528	4	shut	shut	4903290
side	296.43243243243245	4	side	side	48798225
sides	311.13253012048193	5	sides	sides	9829499
sign	312.5542168674699	4	sign	sign	13731175
signal	336.8390804597701	6	signal	signal	11412767
silver	406.76666666666665	6	silver	silver	6488905
similar	345.0204081632653	7	similar	similar	35543195
simply	347.8142076502732	6	simply	simply	28445238
sings	327.4886363636364	5	sings	sings	691024
sinister	426.8837209302326	8	sinister	sinister	695295
sink	312.989010989011	4	sink	sink	2411471
sister	370.91333333333336	6	sister	sister	9970875
sisters	321.2	7	sisters	sisters	3625682
sit	330.17021276595744	3	sit	sit	9144370
sitting	327.2977099236641	7	sitting	sitting	10039381
situation	331.53374233128835	9	situation	situation	29153658
sixteen	535.8529411764706	7	sixteen	sixteen	2533345
sixteenth	455.31168831168833	9	sixteenth	sixteenth	2124550
skeptics	321.5416666666667	8	skeptics	skeptics	177372
skilled	429.89473684210526	7	skilled	skilled	3094020
sky	342.54945054945057	3	sky	sky	7458490
slain	299.5849802371541	5	slain	slain	723487
slate	359.1363636363636	5	slate	slate	643177
sleep	318.64130434782606	5	sleep	sleep	12082335
slip	349.0232558139535	4	slip	slip	3085226
slipped	349.5287356321839	7	slipped	slipped	2912837
slippers	402.67391304347825	8	slippers	slippers	399363
slipping	310.4657534246575	8	slipping	slipping	901293
slow	317.9268292682927	4	slow	slow	9550031
slowed	375.5064935064935	6	slowed	slowed	1237600
slowly	330.59593023255815	6	slowly	slowly	10859756
small	343.9358024691358	5	small	small	68870614
smaller	323.4927536231884	7	smaller	smaller	12341270
smarter	355.531914893617	7	smarter	smarter	333103
smell	319.3243243243243	5	smell	smell	3934490
smile	313.6457142857143	5	smile	smile	8995820
smiled	304.16477272727275	6	smiled	smiled	7544213
smiling	306.94604316546764	7	smiling	smiling	3119136
smoking	329.4255319148936	7	smoking	smoking	3671304
smoothed	344.032967032967	8	smoothed	smoothed	578325
snack	312.741935483871	5	snack	snack	604773
snail	326.82377049180326	5	snail	snail	333225
sneaking	319.57142857142856	8	sneaking	sneaking	255524
sniff	332.30555555555554	5	sniff	sniff	240246
sniffing	371.72222222222223	8	sniffing	sniffing	274736
snow	359.26881720430106	4	snow	snow	5572025
snowflakes	372.46153846153845	10	snowflakes	snowflakes	107810
sold	344.59411764705885	4	sold	sold	9868687
solid	318.2584269662921	5	solid	solid	9023598
solution	385.92972972972973	8	solution	solution	19087669
solve	295.4642857142857	5	solve	solve	5061342
someone	319.8974358974359	7	someone	Someone	2123510
something	322.33934426229507	9	something	something	56397999
sometimes	336.8611111111111	9	sometimes	sometimes	26236599
somewhere	342.2111111111111	9	somewhere	somewhere	5349297
song	296.5	4	song	song	7155630
soon	342.57575757575756	4	soon	soon	26497323
sorry	349.49333333333334	5	sorry	sorry	5821062
sort	299.46315789473687	4	sort	sort	15450103
sought	350.3376623376623	6	sought	sought	10466942
soul	318.7802197802198	4	soul	soul	12819375
sound	334.11267605633805	5	sound	sound	20852205
sounded	357.2962962962963	7	sounded	sounded	3237154
source	345.7931034482759	6	source	source	25399984
sparking	373.77027027027026	8	sparking	sparking	109172
sparkling	363.78409090909093	9	sparkling	sparkling	702011
spatter	317.83516483516485	7	spatter	spatter	46990
special	363.4689265536723	7	special	special	29951345
specials	338.6756756756757	8	specials	specials	181588
specialty	346.1830985915493	9	specialty	specialty	1197126
specifically	325.16438356164383	12	specifically	specifically	8183969
speck	299.2048192771084	5	speck	speck	211435
spectacular	387.30379746835445	11	spectacular	spectacular	1654557
speculative	369.562091503268	11	speculative	speculative	1248199
speculators	383.1456953642384	11	speculators	speculators	287862
spending	362.6043956043956	8	spending	spending	5669486
spin	284.81176470588235	4	spin	spin	2746279
spinning	459.0238095238095	8	spinning	spinning	1400425
spite	294.2352941176471	5	spite	spite	5588003
spoke	298.1630434782609	5	spoke	spoke	11008911
spotted	370.06024096385545	7	spotted	spotted	1681996
sprang	319.3076923076923	6	sprang	sprang	1242355
spreads	344.57894736842104	7	spreads	spreads	924662
spun	453.9647058823529	4	spun	spun	1103549
sputtered	345.2087912087912	9	sputtered	sputtered	194678
square	349.12865497076024	6	square	square	9853529
squeaked	337.6808510638298	8	squeaked	squeaked	116770
squirrel	328.0732600732601	8	squirrel	squirrel	423302
stage	282.94594594594594	5	stage	stage	22343407
stand	306.5	5	stand	stand	15695998
standing	315.7608695652174	8	standing	standing	13587754
star	308.5824175824176	4	star	star	5786355
stared	332.89772727272725	6	stared	stared	4513179
staring	328.1931818181818	7	staring	staring	2907063
start	349.89772727272725	5	start	start	21599088
started	333.83720930232556	7	started	started	22218842
stated	373.68243243243245	6	stated	stated	11391022
stately	393.69767441860466	7	stately	stately	511561
status	331.5974025974026	6	status	status	21483011
stay	312.20454545454544	4	stay	stay	15085046
stayed	320.16129032258067	6	stayed	stayed	5275752
steadfastly	336.90909090909093	11	steadfastly	steadfastly	201439
steal	285.2261904761905	5	steal	steal	1503787
stepped	378.8933333333333	7	stepped	stepped	4952899
still	318.8477801268499	5	still	still	82706155
stone	436.34065934065933	5	stone	stone	9878783
stood	316.01675977653633	5	stood	stood	17437380
stop	340.4886363636364	4	stop	stop	16470671
stopped	333.51612903225805	7	stopped	stopped	11653050
store	374.6276595744681	5	store	store	10270499
storming	327.67469879518075	8	storming	storming	176142
story	321.2572614107884	5	story	story	31595058
straight	325.8346456692913	8	straight	straight	10602691
strained	374.5679012345679	8	strained	strained	1123191
strangest	353.1666666666667	9	strangest	strangest	217542
streak	337.2	6	streak	streak	586066
street	349.3763440860215	6	street	street	11526168
streets	428.06666666666666	7	streets	streets	6363181
strength	346.2	8	strength	strength	16565468
stretched	349.31111111111113	9	stretched	stretched	2870453
strong	381.02777777777777	6	strong	strong	28509360
strove	347.03409090909093	6	strove	strove	448359
struggling	352.17105263157896	10	struggling	struggling	2265667
stubby	341.25274725274727	6	stubby	stubby	107470
stuck	325.2987012987013	5	stuck	stuck	3480952
studies	333.514598540146	7	studies	studies	31706820
style	350.6666666666667	5	style	style	17652570
subject	342.5112107623318	7	subject	subject	36611667
subsequent	373.45205479452056	10	subsequent	subsequent	9257747
substantial	326.2230215827338	11	substantial	substantial	8740002
successful	380.4767441860465	10	successful	successful	15958427
such	317.79910714285717	4	such	such	209032143
sudden	307.72972972972974	6	sudden	sudden	6001534
suddenly	332.1358839050132	8	suddenly	suddenly	10432550
suffered	318.4025974025974	8	suffered	suffered	6386210
suggest	306.1449275362319	7	suggest	suggest	14130457
suggested	344.2032520325203	9	suggested	suggested	15644892
suggests	314.59420289855075	8	suggests	suggests	13884867
sullenly	343.9894736842105	8	sullenly	sullenly	99652
summarized	331.82608695652175	10	summarized	summarized	2331694
summer	369.72222222222223	6	summer	summer	13037148
sun	357.1721132897604	3	sun	sun	12492350
sunbeams	409.84615384615387	8	sunbeams	sunbeams	51352
sunny	352.1978021978022	5	sunny	sunny	990671
superb	342.1168831168831	6	superb	superb	939505
superlative	507.5157894736842	11	superlative	superlative	153725
suppose	348.5054945054945	7	suppose	suppose	7125336
supposed	326.0531914893617	8	supposed	supposed	9366370
suppressing	341.07246376811594	11	suppressing	suppressing	475844
surprised	347.4888888888889	9	surprised	surprised	5800179
surrounded	341.1505791505792	10	surrounded	surrounded	4468786
surveillance	448.06666666666666	12	surveillance	surveillance	1819934
suspect	297.0	7	suspect	suspect	3776247
suspected	317.8777777777778	9	suspected	suspected	3567250
suspicion	359.26666666666665	9	suspicion	suspicion	2664602
swallow	316.8720930232558	7	swallow	swallow	1121515
swash	318.34065934065933	5	swash	swash	27029
swear	392.47222222222223	5	swear	swear	1286120
sweetest	316.1758241758242	8	sweetest	sweetest	256956
swimming	318.74175824175825	8	swimming	swimming	2464770
swing	334.57608695652175	5	swing	swing	2181363
switched	336.6219512195122	8	switched	switched	1626812
symbol	348.88505747126436	6	symbol	symbol	5637294
symptomology	394.4	12	symptomology	symptomology	12058
symptoms	352.8107692307692	8	symptoms	symptoms	9935013
syndrome	326.0281690140845	8	syndrome	syndrome	6842877
synonymous	399.2133333333333	10	synonymous	synonymous	872420
take	307.23752151463	4	take	take	83145589
taken	328.71794871794873	5	taken	taken	43883248
takes	396.82894736842104	5	takes	takes	19816257
taking	351.3412698412698	6	taking	taking	25974145
talent	322.22297297297297	6	talent	talent	2979540
talked	301.02150537634407	6	talked	talked	6615885
tall	307.35135135135135	4	tall	tall	5770858
tank	308.3558282208589	4	tank	tank	3246402
tap	307.58169934640523	3	tap	tap	1603952
tapped	359.55263157894734	6	tapped	tapped	980527
taverns	353.54545454545456	7	taverns	taverns	186848
teacher	315.31325301204816	7	teacher	teacher	14634862
tears	313.2043010752688	5	tears	tears	6156948
technically	379.11842105263156	11	technically	technically	1287627
teens	332.2328767123288	5	teens	teens	1114308
television	358.0933333333333	10	television	television	10312204
tell	299.1290322580645	4	tell	tell	34311287
telling	306.38235294117646	7	telling	telling	8529549
temper	295.5609756097561	6	temper	temper	1831950
ten	385.6953781512605	3	ten	ten	19239259
tension	324.72857142857146	7	tension	tension	6255605
term	308.89473684210526	4	term	term	39384540
terms	302.3235294117647	5	terms	terms	42771039
terrible	391.6	8	terrible	terrible	4962006
terror	347.4235294117647	6	terror	terror	3031171
testimony	322.3142857142857	9	testimony	testimony	4681325
tests	332.7358490566038	5	tests	tests	11483917
text	341.0851063829787	4	text	text	27842184
texts	323.67105263157896	5	texts	texts	8525720
than	320.2656950672646	4	than	than	248883542
them	324.74285714285713	4	them	them	240201864
themselves	347.028	10	themselves	themselves	41765392
theories	334.7894736842105	8	theories	theories	8195005
thereafter	353.4049079754601	10	thereafter	thereafter	2309442
thesis	324.3076923076923	6	thesis	thesis	4448656
thick	332.6629213483146	5	thick	thick	7423431
thing	314.14859437751005	5	thing	thing	36695676
things	325.76576576576576	6	things	things	56035173
think	306.125	5	think	think	67200350
thinking	327.51875	8	thinking	thinking	21994320
thinks	314.9425287356322	6	thinks	thinks	4855796
thirty	392.64	6	thirty	thirty	10504687
thought	330.8157894736842	7	thought	thought	64294078
thoughts	335.3837209302326	8	thoughts	thoughts	10545702
thousand	440.1783439490446	8	thousand	thousand	12131335
thousands	352.5108695652174	9	thousands	thousands	7408000
threatened	301.28767123287673	10	threatened	threatened	4763790
three	381.0853658536585	5	three	three	94037962
thumbs	354.1095890410959	6	thumbs	thumbs	427623
thunder	325.1058823529412	7	thunder	thunder	1122965
thus	341.34934497816596	4	thus	thus	34621166
tic	319.7103448275862	3	tic	tic	224142
tight	361.0886075949367	5	tight	tight	4398874
till	308.01149425287355	4	till	till	7643652
times	338.99410029498523	5	times	times	44168985
tiny	356.2758620689655	4	tiny	tiny	5635566
tired	360.6641791044776	5	tired	tired	4899147
told	323.9842233009709	4	told	told	43901950
tolerate	334.6835443037975	8	tolerate	tolerate	1437942
ton	305.7659574468085	3	ton	ton	1397730
tone	296.3536585365854	4	tone	tone	7827418
tongue	308.20392156862744	6	tongue	tongue	5228274
too	336.5076923076923	3	too	too	82143809
took	328.4030131826742	4	took	took	50478963
tools	323.5857142857143	5	tools	tools	10121943
touched	310.7977528089888	7	touched	touched	4567529
touching	389.01408450704224	8	touching	touching	2396270
toward	298.7083333333333	6	toward	toward	32888621
towards	317.0158102766798	7	towards	towards	20140341
town	312.57894736842104	4	town	town	21082393
trace	371.28	5	trace	trace	4431173
transformed	394.40287769784175	11	transformed	transformed	4500110
transient	372.4109589041096	9	transient	transient	1784490
transported	347.6923076923077	11	transported	transported	1632242
treatments	359.8611111111111	10	treatments	treatments	3207800
tremendous	363.0	10	tremendous	tremendous	2801751
tricked	377.0113636363636	7	tricked	tricked	231363
tricky	350.04046242774564	6	tricky	tricky	550618
tried	320.3619186046512	5	tried	tried	20190743
trigger	334.46853146853147	7	trigger	trigger	2343925
trouble	331.820987654321	7	trouble	trouble	9674701
true	352.69371196754565	4	true	true	37153771
trunk	355.59722222222223	5	trunk	trunk	2385344
truth	287.7647058823529	5	truth	truth	21212229
try	295.57142857142856	3	try	try	21092781
trying	298.32911392405066	6	trying	trying	20128234
tumbling	351.7608695652174	8	tumbling	tumbling	422917
turn	321.84393063583815	4	turn	turn	30820919
turned	340.1125	6	turned	turned	31575372
tusks	328.23809523809524	5	tusks	tusks	141882
twelve	326.4025974025974	6	twelve	twelve	6676403
twin	326.1159420289855	4	twin	twin	2042436
twist	351.3521126760563	5	twist	twist	1340156
two	330.6915477497256	3	two	two	201126338
type	298.1948051948052	4	type	type	42273715
typically	376.40277777777777	9	typically	typically	9176882
ultimately	355.97435897435895	10	ultimately	ultimately	6805000
unable	350.89772727272725	6	unable	unable	8683177
uncommon	335.18918918918916	8	uncommon	uncommon	1769394
under	326.7307692307692	5	under	under	99197859
understanding	338.4428571428571	13	understanding	understanding	25680525
understood	346.7037037037037	10	understood	understood	13568850
unembellished	544.8510638297872	13	unembellished	unembellished	9697
unfair	343.4651162790698	6	unfair	unfair	1826688
unfamiliar	349.4583333333333	10	unfamiliar	unfamiliar	1462076
unless	294.9230769230769	6	unless	unless	13150478
unlike	312.8378378378378	6	unlike	unlike	4911919
until	319.89798850574715	5	until	until	54630510
up	324.6655172413793	2	up	up	232348461
upon	345.7132352941176	4	upon	upon	63368120
uprooted	362.46153846153845	8	uprooted	uprooted	222841
upset	329.87005649717514	5	upset	upset	3061407
upwards	312.1	7	upwards	upwards	1097934
use	349.05535055350555	3	use	use	128514875
used	326.98039215686276	4	used	used	127267606
using	341.7710843373494	5	using	using	56850112
usually	348.14084507042253	7	usually	Usually	2474597
uttering	385.06944444444446	8	uttering	uttering	322763
valley	334.9351145038168	6	valley	valley	4303289
vapor	373.0871934604905	5	vapor	vapor	1560865
varieties	356.77120822622106	9	varieties	varieties	2601452
variety	312.5211267605634	7	variety	variety	16891037
various	342.2027972027972	7	various	various	37597647
varying	326.6111111111111	7	varying	varying	4207604
verifying	332.4366197183099	9	verifying	verifying	332744
version	328.8536585365854	7	version	version	13153669
very	339.7166427546628	4	very	very	134366972
vicinity	320.72857142857146	8	vicinity	vicinity	1638262
victory	346.52272727272725	7	victory	victory	5565155
virus	401.8987341772152	5	virus	virus	4900008
vision	319.0138888888889	6	vision	vision	11960467
visit	312.3728813559322	5	visit	visit	13227667
visited	331.5753424657534	7	visited	visited	5518719
visiting	319.4418604651163	8	visiting	visiting	3299094
vivid	384.5128205128205	5	vivid	vivid	1761625
vocal	349.35087719298247	5	vocal	vocal	1919886
voice	296.9146341463415	5	voice	voice	26116077
voices	332.7956989247312	6	voices	voices	4634004
void	305.7402597402597	4	void	void	3395020
voided	313.43243243243245	6	voided	voided	96377
voluntary	325.22857142857146	9	voluntary	voluntary	3706360
wait	318.25	4	wait	wait	9441077
waited	297.29411764705884	6	waited	waited	5178307
walk	280.14772727272725	4	walk	walk	11800015
walked	311.4297994269341	6	walked	walked	12580771
walking	316.01075268817203	7	walking	walking	7623336
wall	310.9130434782609	4	wall	wall	16611174
wallowed	396.3720930232558	8	wallowed	wallowed	41412
want	299.9840637450199	4	want	want	61590617
wanted	322.18390804597703	6	wanted	wanted	31176058
warm	309.8181818181818	4	warm	warm	8890485
was	321.54826345893036	3	was	was	1140172617
waste	319.8	5	waste	waste	7350025
watch	352.03977272727275	5	watch	watch	9577111
watching	304.4731182795699	8	watching	watching	7234206
water	339.6846246973366	5	water	water	64469088
waves	314.141975308642	5	waves	waves	6088299
wavy	403.5806451612903	4	wavy	wavy	309794
way	303.52008032128515	3	way	way	133443039
wearisome	366.0919540229885	9	wearisome	wearisome	92378
weather	346.22083333333336	7	weather	weather	6846495
weed	364.69135802469134	4	weed	weed	914901
weeks	358.6144578313253	5	weeks	weeks	15374579
well	332.9321766561514	4	well	well	134592416
went	314.42450142450144	4	went	went	48598135
were	334.52699575780946	4	were	were	457504590
wet	322.6480446927374	3	wet	wet	5090834
what	321.6776371308017	4	what	What	87561320
wheat	339.2608695652174	5	wheat	wheat	3103616
wheel	331.35555555555555	5	wheel	wheel	3834055
where	325.87531486146094	5	where	where	136128991
whether	336.7368421052632	7	whether	whether	49005576
which	356.0815573770492	5	which	which	508000647
while	335.9197651663405	5	while	while	83722224
whined	363.93975903614455	6	whined	whined	168315
whirled	323.032967032967	7	whirled	whirled	399162
whispered	343.3510638297872	9	whispered	whispered	3750988
white	409.8722891566265	5	white	white	37948322
whizzing	330.8333333333333	8	whizzing	whizzing	60669
who	329.2744856690698	3	who	who	294018466
whoever	325.0869565217391	7	whoever	whoever	1317362
whole	317.2828282828283	5	whole	whole	42803829
whose	349.83561643835617	5	whose	whose	34769707
wide	331.04945054945057	4	wide	wide	18934643
widely	341.527397260274	6	widely	widely	9397908
wider	305.7191011235955	5	wider	wider	4962184
wife	338.9010989010989	4	wife	wife	24047871
wildflowers	335.8666666666667	11	wildflowers	wildflowers	178706
will	327.7113095238095	4	will	will	314222543
willing	328.6794871794872	7	willing	willing	9182351
wind	323.5055248618784	4	wind	wind	10825311
wings	353.7471264367816	5	wings	wings	3132856
wiped	307.5978260869565	5	wiped	wiped	1470454
wished	339.46438746438747	6	wished	wished	4999448
with	329.66502192982455	4	with	with	1110064802
without	352.0983606557377	7	without	without	84166493
witness	353.7083333333333	7	witness	witness	6045941
witnesses	328.1118881118881	9	witnesses	witnesses	3142323
woes	324.92857142857144	4	woes	woes	282863
wondered	320.0125786163522	8	wondered	wondered	5177466
wonderful	328.7771739130435	9	wonderful	wonderful	6181671
wondering	363.0	9	wondering	wondering	2646075
wood	323.0094562647754	4	wood	wood	8613398
wool	426.8720930232558	4	wool	wool	1729913
words	330.86915887850466	5	words	words	48067530
work	294.31325301204816	4	work	work	135320001
working	295.5975609756098	7	working	working	34445827
world	322.2370820668693	5	world	world	90456522
worried	306.43225806451613	7	worried	worried	3879612
worse	347.3128834355828	5	worse	worse	7891988
worsen	343.4507042253521	6	worsen	worsen	290893
worth	307.85185185185185	5	worth	worth	12274006
would	332.90536013400333	5	would	would	319551796
wrapped	380.48936170212767	7	wrapped	wrapped	2842395
wrong	318.6385542168675	5	wrong	wrong	16679348
wrote	363.89156626506025	5	wrote	wrote	20759269
year	308.61333333333334	4	year	year	73403129
years	357.11358574610244	5	years	years	114423406
yelled	347.90425531914894	6	yelled	yelled	1620781
yellow	412.47435897435895	6	yellow	yellow	7043215
young	336.93048128342247	5	young	young	42619892
your	308.14161849710985	4	your	your	205261264
