word	mean_RT	word_length	word_lower	frequency	neg_log_prob	pred1	pred2	word_type
Age	396.2641509433962	3	age	7241100	0.01257232358	340.5813743595922	338.64589812785937	content
An	322.3	2	an	576832090	0.0085174007	341.9991875641167	340.4123301681141	function
And	325.40793201133147	3	and	4873010095	0.009955103	334.2494742706746	338.6446750024872	function
As	331.271375464684	2	as	1139819594	0.00017985563	341.26656325944873	340.40843372048766	function
But	344.6036585365854	3	but	422070748	2.0598233	340.04155015343775	339.6026553196894	function
By	372.478527607362	2	by	877228367	0.429618045	341.6082772650455	340.60912629841704	function
Do	367.1630434782609	2	do	256960172	3.8209935	342.4154418145975	342.1940432891228	function
For	328.8489583333333	3	for	1388290219	2.2483124941750003	338.7841938834164	339.6907433920295	function
General	338.4932432432432	7	general	24695243	2.586821545	331.9225381059753	332.7756331405471	content
Good	497.2173913043478	4	good	99518711	5.1668286	338.30226135685905	339.2863484098633	content
He	343.22374100719423	2	he	239125461	3.6696123	342.43865039854035	342.12329717471084	function
How	355.6133828996283	3	how	42231777	3.81566955	340.5358404530226	340.4232281496865	function
I	323.96395276569297	1	i	926120510	1.4794690250666667	343.70368389396117	342.8680881084803	function
In	327.29337094499294	2	in	3271087682	0.1618550225	338.4931112912641	340.483990591836	function
It	339.345690747782	2	it	278516683	1.7060473365	342.3873899950274	341.2056495965232	function
No	356.40384615384613	2	no	236436100	1.6675656	342.4421501054053	341.1876656372654	function
On	333.6848484848485	2	on	993594775	6.653541	341.45684786716015	343.5177990098622	function
One	361.3843137254902	3	one	398913374	2.4632887500000002	340.07168520067086	339.7912098620433	content
She	330.550641025641	3	she	278699382	1.9898528	340.22812151883886	339.5699554798251	function
That	358.5868983957219	4	that	1746480437	3.9413114	336.1590447121685	338.7136182422794	function
The	350.50892716068887	3	the	9819942513	3.2484827199999997	327.8119549701095	340.15816046381696	function
Then	336.1293661060802	4	then	39430787	4.8234547999999995	338.3804546972559	339.12587695012536	function
This	366.3373134328358	4	this	599554050	4.97292	337.65155767348864	339.1957276458512	function
To	306.8247011952191	2	to	4223327232	8.181994	337.2539473076242	344.2321024425959	function
US	413.82608695652175	2	us	108913586	0.044053305	342.6080971157474	340.42893742946063	function
Why	327.2967032967033	3	why	37439826	1.7818108	340.5420762926184	339.4727296477238	content
You	323.20703125	3	you	578117187	2.0534523	339.8384845204423	339.59967791235664	function
able	304.4884393063584	4	able	42495598	1.101755946991	338.3764664115269	337.38658744216843	content
after	371.5804195804196	5	after	131123106	0.0013514466	336.10210334401137	335.1040000753465	function
away	309.32608695652175	4	away	56906743	4.402987	338.3577129667167	338.92937657170745	content
be	326.5051490514905	2	be	964072174	5.6015251500000005	341.49526608226427	343.0261525327083	function
bed	321.577868852459	3	bed	17264116	0.00093624304	340.56833125459343	338.6404601508504	content
bird	333.5327399872854	4	bird	4823924	0.86399317	338.4254891407595	337.27547197588916	content
called	337.66568914956014	6	called	69300306	0.004221427	334.0235235780833	333.3370142670131	content
clear	341.7534626038781	5	clear	35415613	0.0052483277	336.22664897781755	335.10582123409114	content
come	318.9005988023952	4	come	69378970	3.7740211	338.3414826657444	338.63543720854585	content
drops	327.67808219178085	5	drops	2565401	3.3908327500000004	336.26939746433584	336.6880318579432	content
extra	312.2926829268293	5	extra	7759192	0.019413084	336.2626387041628	335.1124409561558	content
flying	325.70359281437123	6	flying	4200420	0.024264254	334.1082390617767	333.3463810320545	content
four	352.3695652173913	4	four	49087752	1.9979209	338.3678879400578	337.8053989478084	content
hand	297.7303370786517	4	hand	63081980	0.086187564	338.34967703575705	336.9119742338158	content
is	332.0757058641018	2	is	1780724214	0.001365056	340.43254421240067	340.40898760908794	function
its	325.5936739659367	3	its	259806050	3.5477948e-05	340.2527077025837	338.6400391895272	content
just	308.6138996138996	4	just	113263289	5.2745786	338.284375325946	339.3367040275218	content
king	370.8857142857143	4	king	13253011	2.0203092586666664	338.4145202401028	337.8158618677993	content
less	331.12587412587413	4	less	66492927	0.023964364	338.34523831792336	336.8828949979114	content
lights	359.68888888888887	6	lights	4876964	0.0052859564	334.1073586646559	333.3375117615417	content
like	317.5154304277206	4	like	167991828	0.499537408	338.21315623574327	337.1051481243372	content
man	306.9250749250749	3	man	97465290	0.028633031045833337	340.463964232381	338.6534038990378	content
mother	344.7168674698795	6	mother	39696579	0.101147965	334.06204736369995	333.382311674795	content
nothing	301.7133333333333	7	nothing	38429085	1.3286451	331.9046660459843	332.1876400824366	content
old	388.8536121673003	3	old	66132164	0.00041482816	340.5047385115359	338.6402164741141	content
ones	334.39080459770116	4	ones	16074289	0.0034413727	338.4108488676152	336.87330383407743	content
or	359.60859116851907	2	or	793525686	2.3535087519233335	341.7172008522136	341.508232607973	function
owed	293.1506849315069	4	owed	1830581	1.22565415	338.42938442408007	337.44448972095546	content
per	355.2105263157895	3	per	49354567	0.0016299207	340.526571456759	338.6407843324469	content
position	323.52702702702703	8	position	40450148	0.00250512	329.7430052784258	329.79955805665264	content
red	335.4064748201439	3	red	19233374	3.47909775	340.56576862884646	340.26593551975196	content
sell	319.96153846153845	4	sell	8220156	0.0013347968	338.42106957178186	336.87231935212304	content
seven	373.3424657534247	5	seven	14902531	0.9119273134083333	336.25334296716915	335.52954634168617	content
side	296.43243243243245	4	side	48798225	0.48256451	338.3682647059994	337.09721605229777	content
small	343.9358024691358	5	small	68870614	7.3617864	336.1831134700645	338.54380748429304	content
someone	319.8974358974359	7	someone	2123510	5.4121265	331.9519110495607	334.0960041482758	content
three	381.0853658536585	5	three	94037962	2.6816769	336.1503628127269	336.35661672251007	content
up	324.6655172413793	2	up	232348461	0.000360656715	342.44746941295443	340.40851821561813	function
use	349.05535055350555	3	use	128514875	0.005597894	340.4235589294937	338.6426387152439	content
was	321.54826345893036	3	was	1140172617	6.010085	339.1070731380173	341.4487608214656	function
way	303.52008032128515	3	way	133443039	3.285337	340.4171458338244	340.175383851592	content
well	332.9321766561514	4	well	134592416	0.13137207401673334	338.25661940467506	336.93309065061845	content
what	321.6776371308017	4	what	87561320	2.674537625	338.31782169381995	338.1216073292977	function
where	325.87531486146094	5	where	136128991	5.221415	336.09558910880844	337.54353162475076	function
with	329.66502192982455	4	with	1110064802	4.595932	336.98722217393987	339.0195470092864	function
year	308.61333333333334	4	year	73403129	0.6168431	338.3362459656964	337.1599694753861	content
